ISO-10303-21;
HEADER;
/* Generated by software containing ST-Developer
 * from STEP Tools, Inc. (www.steptools.com) 
 */

FILE_DESCRIPTION(
/* description */ (''),
/* implementation_level */ '2;1');

FILE_NAME(
/* name */ 'body.step',
/* time_stamp */ '2026-08-31T11:38:40+05:30',
/* author */ (''),
/* organization */ (''),
/* preprocessor_version */ 'ST-DEVELOPER v20.1',
/* originating_system */ 'Autodesk Translation Framework v15.8.0.0',
/* authorisation */ '');

FILE_SCHEMA (('AUTOMOTIVE_DESIGN { 1 0 10303 214 3 1 1 }'));
ENDSEC;

DATA;
#10=MECHANICAL_DESIGN_GEOMETRIC_PRESENTATION_REPRESENTATION('',(#123,#124,
#125,#126,#127,#128,#129,#130,#131,#132,#133,#134,#135,#136,#137),#5707);
#11=CONTEXT_DEPENDENT_OVER_RIDING_STYLED_ITEM('',(#5839),#5764,#137,(#51,
#50));
#12=CONTEXT_DEPENDENT_OVER_RIDING_STYLED_ITEM('',(#5836),#5766,#137,(#51,
#50,#44));
#13=CONTEXT_DEPENDENT_OVER_RIDING_STYLED_ITEM('',(#5840),#5770,#137,(#51,
#50,#48));
#14=CONTEXT_DEPENDENT_OVER_RIDING_STYLED_ITEM('',(#5839),#5758,#137,(#51,
#49));
#15=CONTEXT_DEPENDENT_OVER_RIDING_STYLED_ITEM('',(#5836),#5760,#137,(#51,
#49,#39));
#16=CONTEXT_DEPENDENT_OVER_RIDING_STYLED_ITEM('',(#5840),#5761,#137,(#51,
#49,#40));
#17=CONTEXT_DEPENDENT_OVER_RIDING_STYLED_ITEM('',(#5840),#5762,#137,(#51,
#49,#41));
#18=MAPPED_ITEM('',#19,#3755);
#19=REPRESENTATION_MAP(#3755,#5756);
#20=B_SPLINE_CURVE_WITH_KNOTS('',3,(#5401,#5402,#5403,#5404,#5405,#5406,
#5407,#5408,#5409,#5410,#5411,#5412,#5413,#5414),.UNSPECIFIED.,.F.,.F.,
(4,2,2,2,2,2,4),(1.84817629069208,1.90967174353399,1.9711671963759,2.09415810205971,
2.34013991342734,2.62527736614122,2.91041481885511),.UNSPECIFIED.);
#21=B_SPLINE_CURVE_WITH_KNOTS('',3,(#5420,#5421,#5422,#5423,#5424,#5425,
#5426,#5427,#5428,#5429,#5430,#5431,#5432,#5433,#5434,#5435),
 .UNSPECIFIED.,.F.,.F.,(4,2,2,2,2,2,2,4),(0.782733369112684,0.863896467683356,
1.05420181780866,1.31024102079459,1.56628022378052,1.68408105947827,1.74298147732715,
1.80188189517602),.UNSPECIFIED.);
#22=B_SPLINE_CURVE_WITH_KNOTS('',3,(#5516,#5517,#5518,#5519,#5520,#5521,
#5522,#5523,#5524,#5525,#5526,#5527,#5528,#5529,#5530,#5531),
 .UNSPECIFIED.,.F.,.F.,(4,2,2,2,2,2,2,4),(0.782733369112684,0.863896467683356,
1.05420181780866,1.31024102079459,1.56628022378053,1.68408105947827,1.74298147732715,
1.80188189517602),.UNSPECIFIED.);
#23=B_SPLINE_CURVE_WITH_KNOTS('',3,(#5571,#5572,#5573,#5574,#5575,#5576,
#5577,#5578,#5579,#5580,#5581,#5582,#5583,#5584),.UNSPECIFIED.,.F.,.F.,
(4,2,2,2,2,2,4),(1.84817629069208,1.90967174353399,1.9711671963759,2.09415810205971,
2.34013991342734,2.62527736614122,2.91041481885511),.UNSPECIFIED.);
#24=ITEM_DEFINED_TRANSFORMATION($,$,#3500,#3548);
#25=ITEM_DEFINED_TRANSFORMATION($,$,#3501,#3549);
#26=ITEM_DEFINED_TRANSFORMATION($,$,#3510,#3550);
#27=ITEM_DEFINED_TRANSFORMATION($,$,#3521,#3551);
#28=ITEM_DEFINED_TRANSFORMATION($,$,#3528,#3552);
#29=ITEM_DEFINED_TRANSFORMATION($,$,#3554,#3613);
#30=ITEM_DEFINED_TRANSFORMATION($,$,#3555,#3614);
#31=ITEM_DEFINED_TRANSFORMATION($,$,#3564,#3615);
#32=ITEM_DEFINED_TRANSFORMATION($,$,#3571,#3616);
#33=ITEM_DEFINED_TRANSFORMATION($,$,#3577,#3617);
#34=ITEM_DEFINED_TRANSFORMATION($,$,#3592,#3618);
#35=ITEM_DEFINED_TRANSFORMATION($,$,#3499,#3672);
#36=ITEM_DEFINED_TRANSFORMATION($,$,#3553,#3673);
#37=ITEM_DEFINED_TRANSFORMATION($,$,#3498,#3754);
#38=(
REPRESENTATION_RELATIONSHIP($,$,#5759,#5758)
REPRESENTATION_RELATIONSHIP_WITH_TRANSFORMATION(#24)
SHAPE_REPRESENTATION_RELATIONSHIP()
);
#39=(
REPRESENTATION_RELATIONSHIP($,$,#5760,#5758)
REPRESENTATION_RELATIONSHIP_WITH_TRANSFORMATION(#25)
SHAPE_REPRESENTATION_RELATIONSHIP()
);
#40=(
REPRESENTATION_RELATIONSHIP($,$,#5761,#5758)
REPRESENTATION_RELATIONSHIP_WITH_TRANSFORMATION(#26)
SHAPE_REPRESENTATION_RELATIONSHIP()
);
#41=(
REPRESENTATION_RELATIONSHIP($,$,#5762,#5758)
REPRESENTATION_RELATIONSHIP_WITH_TRANSFORMATION(#27)
SHAPE_REPRESENTATION_RELATIONSHIP()
);
#42=(
REPRESENTATION_RELATIONSHIP($,$,#5763,#5758)
REPRESENTATION_RELATIONSHIP_WITH_TRANSFORMATION(#28)
SHAPE_REPRESENTATION_RELATIONSHIP()
);
#43=(
REPRESENTATION_RELATIONSHIP($,$,#5765,#5764)
REPRESENTATION_RELATIONSHIP_WITH_TRANSFORMATION(#29)
SHAPE_REPRESENTATION_RELATIONSHIP()
);
#44=(
REPRESENTATION_RELATIONSHIP($,$,#5766,#5764)
REPRESENTATION_RELATIONSHIP_WITH_TRANSFORMATION(#30)
SHAPE_REPRESENTATION_RELATIONSHIP()
);
#45=(
REPRESENTATION_RELATIONSHIP($,$,#5767,#5764)
REPRESENTATION_RELATIONSHIP_WITH_TRANSFORMATION(#31)
SHAPE_REPRESENTATION_RELATIONSHIP()
);
#46=(
REPRESENTATION_RELATIONSHIP($,$,#5768,#5764)
REPRESENTATION_RELATIONSHIP_WITH_TRANSFORMATION(#32)
SHAPE_REPRESENTATION_RELATIONSHIP()
);
#47=(
REPRESENTATION_RELATIONSHIP($,$,#5769,#5764)
REPRESENTATION_RELATIONSHIP_WITH_TRANSFORMATION(#33)
SHAPE_REPRESENTATION_RELATIONSHIP()
);
#48=(
REPRESENTATION_RELATIONSHIP($,$,#5770,#5764)
REPRESENTATION_RELATIONSHIP_WITH_TRANSFORMATION(#34)
SHAPE_REPRESENTATION_RELATIONSHIP()
);
#49=(
REPRESENTATION_RELATIONSHIP($,$,#5758,#5757)
REPRESENTATION_RELATIONSHIP_WITH_TRANSFORMATION(#35)
SHAPE_REPRESENTATION_RELATIONSHIP()
);
#50=(
REPRESENTATION_RELATIONSHIP($,$,#5764,#5757)
REPRESENTATION_RELATIONSHIP_WITH_TRANSFORMATION(#36)
SHAPE_REPRESENTATION_RELATIONSHIP()
);
#51=(
REPRESENTATION_RELATIONSHIP($,$,#5757,#5756)
REPRESENTATION_RELATIONSHIP_WITH_TRANSFORMATION(#37)
SHAPE_REPRESENTATION_RELATIONSHIP()
);
#52=CONTEXT_DEPENDENT_SHAPE_REPRESENTATION(#38,#5735);
#53=CONTEXT_DEPENDENT_SHAPE_REPRESENTATION(#39,#5736);
#54=CONTEXT_DEPENDENT_SHAPE_REPRESENTATION(#40,#5737);
#55=CONTEXT_DEPENDENT_SHAPE_REPRESENTATION(#41,#5738);
#56=CONTEXT_DEPENDENT_SHAPE_REPRESENTATION(#42,#5739);
#57=CONTEXT_DEPENDENT_SHAPE_REPRESENTATION(#43,#5747);
#58=CONTEXT_DEPENDENT_SHAPE_REPRESENTATION(#44,#5748);
#59=CONTEXT_DEPENDENT_SHAPE_REPRESENTATION(#45,#5749);
#60=CONTEXT_DEPENDENT_SHAPE_REPRESENTATION(#46,#5750);
#61=CONTEXT_DEPENDENT_SHAPE_REPRESENTATION(#47,#5751);
#62=CONTEXT_DEPENDENT_SHAPE_REPRESENTATION(#48,#5752);
#63=CONTEXT_DEPENDENT_SHAPE_REPRESENTATION(#49,#5753);
#64=CONTEXT_DEPENDENT_SHAPE_REPRESENTATION(#50,#5754);
#65=CONTEXT_DEPENDENT_SHAPE_REPRESENTATION(#51,#5755);
#66=NEXT_ASSEMBLY_USAGE_OCCURRENCE('Component1:1','Component1:1',
'Component1:1',#5774,#5775,'Component1:1');
#67=NEXT_ASSEMBLY_USAGE_OCCURRENCE('Component2:1','Component2:1',
'Component2:1',#5774,#5776,'Component2:1');
#68=NEXT_ASSEMBLY_USAGE_OCCURRENCE('Component4:1','Component4:1',
'Component4:1',#5774,#5777,'Component4:1');
#69=NEXT_ASSEMBLY_USAGE_OCCURRENCE('Component5:1','Component5:1',
'Component5:1',#5774,#5778,'Component5:1');
#70=NEXT_ASSEMBLY_USAGE_OCCURRENCE('Component6:1','Component6:1',
'Component6:1',#5774,#5779,'Component6:1');
#71=NEXT_ASSEMBLY_USAGE_OCCURRENCE('Component1:1','Component1:1',
'Component1:1',#5780,#5781,'Component1:1');
#72=NEXT_ASSEMBLY_USAGE_OCCURRENCE('Component2:1','Component2:1',
'Component2:1',#5780,#5782,'Component2:1');
#73=NEXT_ASSEMBLY_USAGE_OCCURRENCE('Component3:1','Component3:1',
'Component3:1',#5780,#5783,'Component3:1');
#74=NEXT_ASSEMBLY_USAGE_OCCURRENCE('Component4:1','Component4:1',
'Component4:1',#5780,#5784,'Component4:1');
#75=NEXT_ASSEMBLY_USAGE_OCCURRENCE('Component5:1','Component5:1',
'Component5:1',#5780,#5785,'Component5:1');
#76=NEXT_ASSEMBLY_USAGE_OCCURRENCE('Component6:1','Component6:1',
'Component6:1',#5780,#5786,'Component6:1');
#77=NEXT_ASSEMBLY_USAGE_OCCURRENCE('hot probe v9:1','hot probe v9:1',
'hot probe v9:1',#5773,#5774,'hot probe v9:1');
#78=NEXT_ASSEMBLY_USAGE_OCCURRENCE('cold probe v11:1',
'cold probe v11:1','cold probe v11:1',#5773,#5780,'cold probe v11:1');
#79=NEXT_ASSEMBLY_USAGE_OCCURRENCE('holder v15:1','holder v15:1',
'holder v15:1',#5772,#5773,'holder v15:1');
#80=FACE_BOUND('',#384,.T.);
#81=FACE_BOUND('',#412,.T.);
#82=FACE_BOUND('',#449,.T.);
#83=FACE_BOUND('',#452,.T.);
#84=FACE_BOUND('',#453,.T.);
#85=FACE_BOUND('',#463,.T.);
#86=FACE_BOUND('',#466,.T.);
#87=FACE_BOUND('',#467,.T.);
#88=FACE_BOUND('',#478,.T.);
#89=FACE_BOUND('',#484,.T.);
#90=FACE_BOUND('',#486,.T.);
#91=FACE_BOUND('',#498,.T.);
#92=FACE_BOUND('',#515,.T.);
#93=FACE_BOUND('',#518,.T.);
#94=FACE_BOUND('',#519,.T.);
#95=FACE_BOUND('',#533,.T.);
#96=FACE_BOUND('',#536,.T.);
#97=FACE_BOUND('',#538,.T.);
#98=FACE_BOUND('',#539,.T.);
#99=SHAPE_REPRESENTATION_RELATIONSHIP('SRR','None',#5760,#111);
#100=SHAPE_REPRESENTATION_RELATIONSHIP('SRR','None',#5761,#112);
#101=SHAPE_REPRESENTATION_RELATIONSHIP('SRR','None',#5762,#113);
#102=SHAPE_REPRESENTATION_RELATIONSHIP('SRR','None',#5763,#114);
#103=SHAPE_REPRESENTATION_RELATIONSHIP('SRR','None',#5758,#115);
#104=SHAPE_REPRESENTATION_RELATIONSHIP('SRR','None',#5766,#116);
#105=SHAPE_REPRESENTATION_RELATIONSHIP('SRR','None',#5767,#117);
#106=SHAPE_REPRESENTATION_RELATIONSHIP('SRR','None',#5768,#118);
#107=SHAPE_REPRESENTATION_RELATIONSHIP('SRR','None',#5769,#119);
#108=SHAPE_REPRESENTATION_RELATIONSHIP('SRR','None',#5770,#120);
#109=SHAPE_REPRESENTATION_RELATIONSHIP('SRR','None',#5757,#121);
#110=SHAPE_REPRESENTATION_RELATIONSHIP('SRR','None',#5756,#122);
#111=ADVANCED_BREP_SHAPE_REPRESENTATION('',(#138),#5696);
#112=ADVANCED_BREP_SHAPE_REPRESENTATION('',(#139),#5697);
#113=ADVANCED_BREP_SHAPE_REPRESENTATION('',(#140),#5698);
#114=ADVANCED_BREP_SHAPE_REPRESENTATION('',(#141),#5699);
#115=ADVANCED_BREP_SHAPE_REPRESENTATION('',(#142),#5694);
#116=ADVANCED_BREP_SHAPE_REPRESENTATION('',(#143),#5702);
#117=ADVANCED_BREP_SHAPE_REPRESENTATION('',(#144),#5703);
#118=ADVANCED_BREP_SHAPE_REPRESENTATION('',(#145),#5704);
#119=ADVANCED_BREP_SHAPE_REPRESENTATION('',(#146),#5705);
#120=ADVANCED_BREP_SHAPE_REPRESENTATION('',(#147),#5706);
#121=ADVANCED_BREP_SHAPE_REPRESENTATION('',(#148,#149),#5693);
#122=ADVANCED_BREP_SHAPE_REPRESENTATION('',(#150,#151),#5692);
#123=STYLED_ITEM('',(#5835),#138);
#124=STYLED_ITEM('',(#5840),#139);
#125=STYLED_ITEM('',(#5840),#140);
#126=STYLED_ITEM('',(#5839),#141);
#127=STYLED_ITEM('',(#5836),#142);
#128=STYLED_ITEM('',(#5835),#143);
#129=STYLED_ITEM('',(#5835),#144);
#130=STYLED_ITEM('',(#5839),#145);
#131=STYLED_ITEM('',(#5836),#146);
#132=STYLED_ITEM('',(#5840),#147);
#133=STYLED_ITEM('',(#5837),#148);
#134=STYLED_ITEM('',(#5838),#149);
#135=STYLED_ITEM('',(#5838),#150);
#136=STYLED_ITEM('',(#5841),#151);
#137=STYLED_ITEM('',(#5842),#18);
#138=MANIFOLD_SOLID_BREP('Body1',#3361);
#139=MANIFOLD_SOLID_BREP('Body1',#3362);
#140=MANIFOLD_SOLID_BREP('Body1',#3363);
#141=MANIFOLD_SOLID_BREP('Body1',#3364);
#142=MANIFOLD_SOLID_BREP('Body2',#3365);
#143=MANIFOLD_SOLID_BREP('Body1',#3366);
#144=MANIFOLD_SOLID_BREP('Body1',#3367);
#145=MANIFOLD_SOLID_BREP('Body1',#3368);
#146=MANIFOLD_SOLID_BREP('Body1',#3369);
#147=MANIFOLD_SOLID_BREP('Body1',#3370);
#148=MANIFOLD_SOLID_BREP('Body1',#3371);
#149=MANIFOLD_SOLID_BREP('Body2',#3372);
#150=MANIFOLD_SOLID_BREP('Body1',#3373);
#151=MANIFOLD_SOLID_BREP('Body2',#3374);
#152=CYLINDRICAL_SURFACE('',#3504,2.5);
#153=CYLINDRICAL_SURFACE('',#3529,1.5);
#154=CYLINDRICAL_SURFACE('',#3540,1.5);
#155=CYLINDRICAL_SURFACE('',#3558,2.5);
#156=CYLINDRICAL_SURFACE('',#3572,1.5);
#157=CYLINDRICAL_SURFACE('',#3584,1.5);
#158=CYLINDRICAL_SURFACE('',#3629,2.5);
#159=CYLINDRICAL_SURFACE('',#3634,1.5);
#160=CYLINDRICAL_SURFACE('',#3649,8.5);
#161=CYLINDRICAL_SURFACE('',#3663,8.5);
#162=CYLINDRICAL_SURFACE('',#3685,10.);
#163=CYLINDRICAL_SURFACE('',#3688,11.5711651265285);
#164=CYLINDRICAL_SURFACE('',#3707,11.5711651265285);
#165=CYLINDRICAL_SURFACE('',#3710,10.);
#166=CYLINDRICAL_SURFACE('',#3713,5.);
#167=CYLINDRICAL_SURFACE('',#3716,5.);
#168=CYLINDRICAL_SURFACE('',#3718,5.);
#169=CYLINDRICAL_SURFACE('',#3721,5.);
#170=CYLINDRICAL_SURFACE('',#3724,11.5711651265285);
#171=CYLINDRICAL_SURFACE('',#3736,5.);
#172=CYLINDRICAL_SURFACE('',#3744,5.);
#173=CYLINDRICAL_SURFACE('',#3746,5.);
#174=CYLINDRICAL_SURFACE('',#3749,5.);
#175=FACE_OUTER_BOUND('',#355,.T.);
#176=FACE_OUTER_BOUND('',#356,.T.);
#177=FACE_OUTER_BOUND('',#357,.T.);
#178=FACE_OUTER_BOUND('',#358,.T.);
#179=FACE_OUTER_BOUND('',#359,.T.);
#180=FACE_OUTER_BOUND('',#360,.T.);
#181=FACE_OUTER_BOUND('',#361,.T.);
#182=FACE_OUTER_BOUND('',#362,.T.);
#183=FACE_OUTER_BOUND('',#363,.T.);
#184=FACE_OUTER_BOUND('',#364,.T.);
#185=FACE_OUTER_BOUND('',#365,.T.);
#186=FACE_OUTER_BOUND('',#366,.T.);
#187=FACE_OUTER_BOUND('',#367,.T.);
#188=FACE_OUTER_BOUND('',#368,.T.);
#189=FACE_OUTER_BOUND('',#369,.T.);
#190=FACE_OUTER_BOUND('',#370,.T.);
#191=FACE_OUTER_BOUND('',#371,.T.);
#192=FACE_OUTER_BOUND('',#372,.T.);
#193=FACE_OUTER_BOUND('',#373,.T.);
#194=FACE_OUTER_BOUND('',#374,.T.);
#195=FACE_OUTER_BOUND('',#375,.T.);
#196=FACE_OUTER_BOUND('',#376,.T.);
#197=FACE_OUTER_BOUND('',#377,.T.);
#198=FACE_OUTER_BOUND('',#378,.T.);
#199=FACE_OUTER_BOUND('',#379,.T.);
#200=FACE_OUTER_BOUND('',#380,.T.);
#201=FACE_OUTER_BOUND('',#381,.T.);
#202=FACE_OUTER_BOUND('',#382,.T.);
#203=FACE_OUTER_BOUND('',#383,.T.);
#204=FACE_OUTER_BOUND('',#385,.T.);
#205=FACE_OUTER_BOUND('',#386,.T.);
#206=FACE_OUTER_BOUND('',#387,.T.);
#207=FACE_OUTER_BOUND('',#388,.T.);
#208=FACE_OUTER_BOUND('',#389,.T.);
#209=FACE_OUTER_BOUND('',#390,.T.);
#210=FACE_OUTER_BOUND('',#391,.T.);
#211=FACE_OUTER_BOUND('',#392,.T.);
#212=FACE_OUTER_BOUND('',#393,.T.);
#213=FACE_OUTER_BOUND('',#394,.T.);
#214=FACE_OUTER_BOUND('',#395,.T.);
#215=FACE_OUTER_BOUND('',#396,.T.);
#216=FACE_OUTER_BOUND('',#397,.T.);
#217=FACE_OUTER_BOUND('',#398,.T.);
#218=FACE_OUTER_BOUND('',#399,.T.);
#219=FACE_OUTER_BOUND('',#400,.T.);
#220=FACE_OUTER_BOUND('',#401,.T.);
#221=FACE_OUTER_BOUND('',#402,.T.);
#222=FACE_OUTER_BOUND('',#403,.T.);
#223=FACE_OUTER_BOUND('',#404,.T.);
#224=FACE_OUTER_BOUND('',#405,.T.);
#225=FACE_OUTER_BOUND('',#406,.T.);
#226=FACE_OUTER_BOUND('',#407,.T.);
#227=FACE_OUTER_BOUND('',#408,.T.);
#228=FACE_OUTER_BOUND('',#409,.T.);
#229=FACE_OUTER_BOUND('',#410,.T.);
#230=FACE_OUTER_BOUND('',#411,.T.);
#231=FACE_OUTER_BOUND('',#413,.T.);
#232=FACE_OUTER_BOUND('',#414,.T.);
#233=FACE_OUTER_BOUND('',#415,.T.);
#234=FACE_OUTER_BOUND('',#416,.T.);
#235=FACE_OUTER_BOUND('',#417,.T.);
#236=FACE_OUTER_BOUND('',#418,.T.);
#237=FACE_OUTER_BOUND('',#419,.T.);
#238=FACE_OUTER_BOUND('',#420,.T.);
#239=FACE_OUTER_BOUND('',#421,.T.);
#240=FACE_OUTER_BOUND('',#422,.T.);
#241=FACE_OUTER_BOUND('',#423,.T.);
#242=FACE_OUTER_BOUND('',#424,.T.);
#243=FACE_OUTER_BOUND('',#425,.T.);
#244=FACE_OUTER_BOUND('',#426,.T.);
#245=FACE_OUTER_BOUND('',#427,.T.);
#246=FACE_OUTER_BOUND('',#428,.T.);
#247=FACE_OUTER_BOUND('',#429,.T.);
#248=FACE_OUTER_BOUND('',#430,.T.);
#249=FACE_OUTER_BOUND('',#431,.T.);
#250=FACE_OUTER_BOUND('',#432,.T.);
#251=FACE_OUTER_BOUND('',#433,.T.);
#252=FACE_OUTER_BOUND('',#434,.T.);
#253=FACE_OUTER_BOUND('',#435,.T.);
#254=FACE_OUTER_BOUND('',#436,.T.);
#255=FACE_OUTER_BOUND('',#437,.T.);
#256=FACE_OUTER_BOUND('',#438,.T.);
#257=FACE_OUTER_BOUND('',#439,.T.);
#258=FACE_OUTER_BOUND('',#440,.T.);
#259=FACE_OUTER_BOUND('',#441,.T.);
#260=FACE_OUTER_BOUND('',#442,.T.);
#261=FACE_OUTER_BOUND('',#443,.T.);
#262=FACE_OUTER_BOUND('',#444,.T.);
#263=FACE_OUTER_BOUND('',#445,.T.);
#264=FACE_OUTER_BOUND('',#446,.T.);
#265=FACE_OUTER_BOUND('',#447,.T.);
#266=FACE_OUTER_BOUND('',#448,.T.);
#267=FACE_OUTER_BOUND('',#450,.T.);
#268=FACE_OUTER_BOUND('',#451,.T.);
#269=FACE_OUTER_BOUND('',#454,.T.);
#270=FACE_OUTER_BOUND('',#455,.T.);
#271=FACE_OUTER_BOUND('',#456,.T.);
#272=FACE_OUTER_BOUND('',#457,.T.);
#273=FACE_OUTER_BOUND('',#458,.T.);
#274=FACE_OUTER_BOUND('',#459,.T.);
#275=FACE_OUTER_BOUND('',#460,.T.);
#276=FACE_OUTER_BOUND('',#461,.T.);
#277=FACE_OUTER_BOUND('',#462,.T.);
#278=FACE_OUTER_BOUND('',#464,.T.);
#279=FACE_OUTER_BOUND('',#465,.T.);
#280=FACE_OUTER_BOUND('',#468,.T.);
#281=FACE_OUTER_BOUND('',#469,.T.);
#282=FACE_OUTER_BOUND('',#470,.T.);
#283=FACE_OUTER_BOUND('',#471,.T.);
#284=FACE_OUTER_BOUND('',#472,.T.);
#285=FACE_OUTER_BOUND('',#473,.T.);
#286=FACE_OUTER_BOUND('',#474,.T.);
#287=FACE_OUTER_BOUND('',#475,.T.);
#288=FACE_OUTER_BOUND('',#476,.T.);
#289=FACE_OUTER_BOUND('',#477,.T.);
#290=FACE_OUTER_BOUND('',#479,.T.);
#291=FACE_OUTER_BOUND('',#480,.T.);
#292=FACE_OUTER_BOUND('',#481,.T.);
#293=FACE_OUTER_BOUND('',#482,.T.);
#294=FACE_OUTER_BOUND('',#483,.T.);
#295=FACE_OUTER_BOUND('',#485,.T.);
#296=FACE_OUTER_BOUND('',#487,.T.);
#297=FACE_OUTER_BOUND('',#488,.T.);
#298=FACE_OUTER_BOUND('',#489,.T.);
#299=FACE_OUTER_BOUND('',#490,.T.);
#300=FACE_OUTER_BOUND('',#491,.T.);
#301=FACE_OUTER_BOUND('',#492,.T.);
#302=FACE_OUTER_BOUND('',#493,.T.);
#303=FACE_OUTER_BOUND('',#494,.T.);
#304=FACE_OUTER_BOUND('',#495,.T.);
#305=FACE_OUTER_BOUND('',#496,.T.);
#306=FACE_OUTER_BOUND('',#497,.T.);
#307=FACE_OUTER_BOUND('',#499,.T.);
#308=FACE_OUTER_BOUND('',#500,.T.);
#309=FACE_OUTER_BOUND('',#501,.T.);
#310=FACE_OUTER_BOUND('',#502,.T.);
#311=FACE_OUTER_BOUND('',#503,.T.);
#312=FACE_OUTER_BOUND('',#504,.T.);
#313=FACE_OUTER_BOUND('',#505,.T.);
#314=FACE_OUTER_BOUND('',#506,.T.);
#315=FACE_OUTER_BOUND('',#507,.T.);
#316=FACE_OUTER_BOUND('',#508,.T.);
#317=FACE_OUTER_BOUND('',#509,.T.);
#318=FACE_OUTER_BOUND('',#510,.T.);
#319=FACE_OUTER_BOUND('',#511,.T.);
#320=FACE_OUTER_BOUND('',#512,.T.);
#321=FACE_OUTER_BOUND('',#513,.T.);
#322=FACE_OUTER_BOUND('',#514,.T.);
#323=FACE_OUTER_BOUND('',#516,.T.);
#324=FACE_OUTER_BOUND('',#517,.T.);
#325=FACE_OUTER_BOUND('',#520,.T.);
#326=FACE_OUTER_BOUND('',#521,.T.);
#327=FACE_OUTER_BOUND('',#522,.T.);
#328=FACE_OUTER_BOUND('',#523,.T.);
#329=FACE_OUTER_BOUND('',#524,.T.);
#330=FACE_OUTER_BOUND('',#525,.T.);
#331=FACE_OUTER_BOUND('',#526,.T.);
#332=FACE_OUTER_BOUND('',#527,.T.);
#333=FACE_OUTER_BOUND('',#528,.T.);
#334=FACE_OUTER_BOUND('',#529,.T.);
#335=FACE_OUTER_BOUND('',#530,.T.);
#336=FACE_OUTER_BOUND('',#531,.T.);
#337=FACE_OUTER_BOUND('',#532,.T.);
#338=FACE_OUTER_BOUND('',#534,.T.);
#339=FACE_OUTER_BOUND('',#535,.T.);
#340=FACE_OUTER_BOUND('',#537,.T.);
#341=FACE_OUTER_BOUND('',#540,.T.);
#342=FACE_OUTER_BOUND('',#541,.T.);
#343=FACE_OUTER_BOUND('',#542,.T.);
#344=FACE_OUTER_BOUND('',#543,.T.);
#345=FACE_OUTER_BOUND('',#544,.T.);
#346=FACE_OUTER_BOUND('',#545,.T.);
#347=FACE_OUTER_BOUND('',#546,.T.);
#348=FACE_OUTER_BOUND('',#547,.T.);
#349=FACE_OUTER_BOUND('',#548,.T.);
#350=FACE_OUTER_BOUND('',#549,.T.);
#351=FACE_OUTER_BOUND('',#550,.T.);
#352=FACE_OUTER_BOUND('',#551,.T.);
#353=FACE_OUTER_BOUND('',#552,.T.);
#354=FACE_OUTER_BOUND('',#553,.T.);
#355=EDGE_LOOP('',(#2132,#2133,#2134,#2135));
#356=EDGE_LOOP('',(#2136,#2137,#2138,#2139));
#357=EDGE_LOOP('',(#2140,#2141,#2142,#2143));
#358=EDGE_LOOP('',(#2144,#2145,#2146,#2147));
#359=EDGE_LOOP('',(#2148,#2149,#2150,#2151));
#360=EDGE_LOOP('',(#2152,#2153,#2154,#2155));
#361=EDGE_LOOP('',(#2156,#2157,#2158,#2159));
#362=EDGE_LOOP('',(#2160,#2161,#2162,#2163,#2164,#2165,#2166,#2167));
#363=EDGE_LOOP('',(#2168,#2169,#2170,#2171));
#364=EDGE_LOOP('',(#2172,#2173,#2174,#2175));
#365=EDGE_LOOP('',(#2176,#2177,#2178,#2179));
#366=EDGE_LOOP('',(#2180,#2181,#2182,#2183,#2184,#2185,#2186,#2187));
#367=EDGE_LOOP('',(#2188,#2189,#2190,#2191));
#368=EDGE_LOOP('',(#2192,#2193,#2194,#2195));
#369=EDGE_LOOP('',(#2196,#2197,#2198,#2199));
#370=EDGE_LOOP('',(#2200,#2201,#2202,#2203));
#371=EDGE_LOOP('',(#2204,#2205,#2206,#2207));
#372=EDGE_LOOP('',(#2208,#2209,#2210,#2211));
#373=EDGE_LOOP('',(#2212,#2213,#2214,#2215));
#374=EDGE_LOOP('',(#2216,#2217,#2218,#2219));
#375=EDGE_LOOP('',(#2220,#2221,#2222,#2223));
#376=EDGE_LOOP('',(#2224,#2225,#2226,#2227));
#377=EDGE_LOOP('',(#2228,#2229,#2230,#2231));
#378=EDGE_LOOP('',(#2232));
#379=EDGE_LOOP('',(#2233));
#380=EDGE_LOOP('',(#2234,#2235,#2236,#2237));
#381=EDGE_LOOP('',(#2238,#2239,#2240,#2241));
#382=EDGE_LOOP('',(#2242,#2243,#2244,#2245));
#383=EDGE_LOOP('',(#2246,#2247,#2248,#2249,#2250,#2251,#2252,#2253));
#384=EDGE_LOOP('',(#2254));
#385=EDGE_LOOP('',(#2255,#2256,#2257,#2258,#2259,#2260,#2261,#2262));
#386=EDGE_LOOP('',(#2263,#2264,#2265,#2266));
#387=EDGE_LOOP('',(#2267));
#388=EDGE_LOOP('',(#2268,#2269,#2270,#2271));
#389=EDGE_LOOP('',(#2272,#2273,#2274,#2275));
#390=EDGE_LOOP('',(#2276,#2277,#2278,#2279));
#391=EDGE_LOOP('',(#2280,#2281,#2282,#2283));
#392=EDGE_LOOP('',(#2284,#2285,#2286,#2287));
#393=EDGE_LOOP('',(#2288,#2289,#2290,#2291));
#394=EDGE_LOOP('',(#2292,#2293,#2294,#2295));
#395=EDGE_LOOP('',(#2296,#2297,#2298,#2299));
#396=EDGE_LOOP('',(#2300,#2301,#2302,#2303));
#397=EDGE_LOOP('',(#2304,#2305,#2306,#2307));
#398=EDGE_LOOP('',(#2308,#2309,#2310,#2311));
#399=EDGE_LOOP('',(#2312,#2313,#2314,#2315));
#400=EDGE_LOOP('',(#2316,#2317,#2318,#2319));
#401=EDGE_LOOP('',(#2320,#2321,#2322,#2323));
#402=EDGE_LOOP('',(#2324,#2325,#2326,#2327));
#403=EDGE_LOOP('',(#2328,#2329,#2330,#2331));
#404=EDGE_LOOP('',(#2332,#2333,#2334,#2335));
#405=EDGE_LOOP('',(#2336,#2337,#2338,#2339));
#406=EDGE_LOOP('',(#2340));
#407=EDGE_LOOP('',(#2341));
#408=EDGE_LOOP('',(#2342,#2343,#2344,#2345));
#409=EDGE_LOOP('',(#2346,#2347,#2348,#2349));
#410=EDGE_LOOP('',(#2350,#2351,#2352,#2353));
#411=EDGE_LOOP('',(#2354,#2355,#2356,#2357,#2358,#2359,#2360,#2361));
#412=EDGE_LOOP('',(#2362));
#413=EDGE_LOOP('',(#2363,#2364,#2365,#2366,#2367,#2368,#2369,#2370));
#414=EDGE_LOOP('',(#2371,#2372,#2373,#2374));
#415=EDGE_LOOP('',(#2375));
#416=EDGE_LOOP('',(#2376,#2377,#2378,#2379));
#417=EDGE_LOOP('',(#2380,#2381,#2382,#2383));
#418=EDGE_LOOP('',(#2384,#2385,#2386,#2387));
#419=EDGE_LOOP('',(#2388,#2389,#2390,#2391));
#420=EDGE_LOOP('',(#2392,#2393,#2394,#2395));
#421=EDGE_LOOP('',(#2396,#2397,#2398,#2399));
#422=EDGE_LOOP('',(#2400,#2401,#2402,#2403));
#423=EDGE_LOOP('',(#2404,#2405,#2406,#2407));
#424=EDGE_LOOP('',(#2408,#2409,#2410,#2411));
#425=EDGE_LOOP('',(#2412,#2413,#2414,#2415));
#426=EDGE_LOOP('',(#2416,#2417,#2418,#2419));
#427=EDGE_LOOP('',(#2420,#2421,#2422,#2423));
#428=EDGE_LOOP('',(#2424,#2425,#2426,#2427,#2428,#2429,#2430,#2431));
#429=EDGE_LOOP('',(#2432,#2433,#2434,#2435));
#430=EDGE_LOOP('',(#2436,#2437,#2438,#2439,#2440,#2441));
#431=EDGE_LOOP('',(#2442,#2443,#2444,#2445));
#432=EDGE_LOOP('',(#2446,#2447,#2448,#2449));
#433=EDGE_LOOP('',(#2450,#2451,#2452,#2453));
#434=EDGE_LOOP('',(#2454,#2455,#2456,#2457));
#435=EDGE_LOOP('',(#2458,#2459,#2460,#2461));
#436=EDGE_LOOP('',(#2462,#2463,#2464,#2465));
#437=EDGE_LOOP('',(#2466,#2467,#2468,#2469));
#438=EDGE_LOOP('',(#2470,#2471,#2472,#2473,#2474,#2475,#2476,#2477,#2478,
#2479,#2480,#2481,#2482,#2483,#2484,#2485));
#439=EDGE_LOOP('',(#2486,#2487,#2488,#2489,#2490,#2491));
#440=EDGE_LOOP('',(#2492,#2493,#2494,#2495,#2496,#2497,#2498,#2499,#2500,
#2501,#2502,#2503));
#441=EDGE_LOOP('',(#2504,#2505,#2506,#2507));
#442=EDGE_LOOP('',(#2508,#2509,#2510,#2511));
#443=EDGE_LOOP('',(#2512,#2513,#2514,#2515));
#444=EDGE_LOOP('',(#2516,#2517,#2518,#2519));
#445=EDGE_LOOP('',(#2520,#2521,#2522,#2523));
#446=EDGE_LOOP('',(#2524,#2525,#2526,#2527));
#447=EDGE_LOOP('',(#2528,#2529,#2530,#2531));
#448=EDGE_LOOP('',(#2532,#2533,#2534,#2535));
#449=EDGE_LOOP('',(#2536,#2537,#2538,#2539));
#450=EDGE_LOOP('',(#2540,#2541,#2542,#2543));
#451=EDGE_LOOP('',(#2544,#2545,#2546,#2547,#2548,#2549,#2550,#2551,#2552,
#2553,#2554,#2555,#2556,#2557,#2558,#2559));
#452=EDGE_LOOP('',(#2560,#2561,#2562,#2563));
#453=EDGE_LOOP('',(#2564,#2565,#2566,#2567));
#454=EDGE_LOOP('',(#2568,#2569,#2570,#2571));
#455=EDGE_LOOP('',(#2572,#2573));
#456=EDGE_LOOP('',(#2574,#2575,#2576,#2577,#2578,#2579,#2580,#2581));
#457=EDGE_LOOP('',(#2582,#2583,#2584,#2585,#2586,#2587,#2588,#2589,#2590,
#2591,#2592,#2593));
#458=EDGE_LOOP('',(#2594,#2595,#2596,#2597));
#459=EDGE_LOOP('',(#2598,#2599,#2600,#2601));
#460=EDGE_LOOP('',(#2602,#2603,#2604,#2605));
#461=EDGE_LOOP('',(#2606,#2607,#2608,#2609));
#462=EDGE_LOOP('',(#2610,#2611,#2612,#2613));
#463=EDGE_LOOP('',(#2614,#2615,#2616,#2617));
#464=EDGE_LOOP('',(#2618,#2619,#2620,#2621));
#465=EDGE_LOOP('',(#2622,#2623,#2624,#2625,#2626,#2627,#2628,#2629,#2630,
#2631,#2632,#2633,#2634,#2635,#2636,#2637));
#466=EDGE_LOOP('',(#2638,#2639,#2640,#2641));
#467=EDGE_LOOP('',(#2642,#2643,#2644,#2645));
#468=EDGE_LOOP('',(#2646,#2647,#2648,#2649));
#469=EDGE_LOOP('',(#2650,#2651,#2652,#2653));
#470=EDGE_LOOP('',(#2654,#2655,#2656,#2657));
#471=EDGE_LOOP('',(#2658,#2659,#2660,#2661,#2662,#2663,#2664));
#472=EDGE_LOOP('',(#2665,#2666,#2667,#2668));
#473=EDGE_LOOP('',(#2669,#2670,#2671,#2672));
#474=EDGE_LOOP('',(#2673,#2674,#2675,#2676));
#475=EDGE_LOOP('',(#2677,#2678,#2679,#2680));
#476=EDGE_LOOP('',(#2681,#2682,#2683,#2684));
#477=EDGE_LOOP('',(#2685,#2686,#2687,#2688));
#478=EDGE_LOOP('',(#2689));
#479=EDGE_LOOP('',(#2690,#2691,#2692,#2693));
#480=EDGE_LOOP('',(#2694,#2695,#2696,#2697));
#481=EDGE_LOOP('',(#2698,#2699,#2700,#2701,#2702,#2703,#2704,#2705));
#482=EDGE_LOOP('',(#2706,#2707,#2708,#2709));
#483=EDGE_LOOP('',(#2710,#2711,#2712,#2713));
#484=EDGE_LOOP('',(#2714));
#485=EDGE_LOOP('',(#2715,#2716,#2717,#2718));
#486=EDGE_LOOP('',(#2719));
#487=EDGE_LOOP('',(#2720,#2721,#2722,#2723));
#488=EDGE_LOOP('',(#2724,#2725,#2726,#2727));
#489=EDGE_LOOP('',(#2728,#2729,#2730,#2731));
#490=EDGE_LOOP('',(#2732,#2733,#2734,#2735));
#491=EDGE_LOOP('',(#2736,#2737,#2738,#2739));
#492=EDGE_LOOP('',(#2740,#2741,#2742,#2743));
#493=EDGE_LOOP('',(#2744,#2745,#2746,#2747));
#494=EDGE_LOOP('',(#2748,#2749,#2750,#2751));
#495=EDGE_LOOP('',(#2752,#2753,#2754,#2755));
#496=EDGE_LOOP('',(#2756,#2757,#2758,#2759));
#497=EDGE_LOOP('',(#2760,#2761,#2762,#2763,#2764,#2765));
#498=EDGE_LOOP('',(#2766,#2767,#2768,#2769));
#499=EDGE_LOOP('',(#2770,#2771,#2772,#2773));
#500=EDGE_LOOP('',(#2774,#2775,#2776,#2777));
#501=EDGE_LOOP('',(#2778,#2779,#2780,#2781));
#502=EDGE_LOOP('',(#2782,#2783,#2784,#2785,#2786,#2787,#2788,#2789,#2790,
#2791,#2792));
#503=EDGE_LOOP('',(#2793,#2794,#2795,#2796));
#504=EDGE_LOOP('',(#2797,#2798,#2799,#2800));
#505=EDGE_LOOP('',(#2801,#2802,#2803,#2804));
#506=EDGE_LOOP('',(#2805,#2806,#2807,#2808));
#507=EDGE_LOOP('',(#2809,#2810,#2811,#2812));
#508=EDGE_LOOP('',(#2813,#2814,#2815,#2816));
#509=EDGE_LOOP('',(#2817,#2818,#2819,#2820));
#510=EDGE_LOOP('',(#2821,#2822,#2823,#2824));
#511=EDGE_LOOP('',(#2825,#2826,#2827,#2828));
#512=EDGE_LOOP('',(#2829,#2830,#2831,#2832));
#513=EDGE_LOOP('',(#2833,#2834,#2835,#2836));
#514=EDGE_LOOP('',(#2837,#2838,#2839,#2840,#2841,#2842,#2843,#2844));
#515=EDGE_LOOP('',(#2845,#2846,#2847,#2848));
#516=EDGE_LOOP('',(#2849,#2850,#2851,#2852,#2853,#2854,#2855));
#517=EDGE_LOOP('',(#2856,#2857,#2858,#2859,#2860,#2861,#2862,#2863));
#518=EDGE_LOOP('',(#2864,#2865,#2866,#2867));
#519=EDGE_LOOP('',(#2868,#2869,#2870,#2871));
#520=EDGE_LOOP('',(#2872,#2873,#2874,#2875));
#521=EDGE_LOOP('',(#2876,#2877,#2878,#2879));
#522=EDGE_LOOP('',(#2880,#2881,#2882,#2883));
#523=EDGE_LOOP('',(#2884,#2885,#2886));
#524=EDGE_LOOP('',(#2887,#2888,#2889,#2890));
#525=EDGE_LOOP('',(#2891,#2892,#2893,#2894));
#526=EDGE_LOOP('',(#2895,#2896,#2897));
#527=EDGE_LOOP('',(#2898,#2899,#2900,#2901));
#528=EDGE_LOOP('',(#2902,#2903,#2904));
#529=EDGE_LOOP('',(#2905,#2906,#2907,#2908,#2909,#2910,#2911));
#530=EDGE_LOOP('',(#2912,#2913,#2914));
#531=EDGE_LOOP('',(#2915,#2916,#2917,#2918,#2919,#2920,#2921,#2922,#2923,
#2924));
#532=EDGE_LOOP('',(#2925,#2926,#2927,#2928));
#533=EDGE_LOOP('',(#2929,#2930,#2931,#2932));
#534=EDGE_LOOP('',(#2933,#2934,#2935,#2936));
#535=EDGE_LOOP('',(#2937,#2938,#2939,#2940));
#536=EDGE_LOOP('',(#2941,#2942,#2943,#2944));
#537=EDGE_LOOP('',(#2945,#2946,#2947,#2948));
#538=EDGE_LOOP('',(#2949,#2950,#2951,#2952));
#539=EDGE_LOOP('',(#2953,#2954,#2955,#2956));
#540=EDGE_LOOP('',(#2957,#2958,#2959,#2960));
#541=EDGE_LOOP('',(#2961,#2962,#2963,#2964));
#542=EDGE_LOOP('',(#2965,#2966,#2967,#2968,#2969,#2970,#2971));
#543=EDGE_LOOP('',(#2972,#2973,#2974,#2975));
#544=EDGE_LOOP('',(#2976,#2977,#2978,#2979));
#545=EDGE_LOOP('',(#2980,#2981,#2982,#2983,#2984,#2985,#2986,#2987));
#546=EDGE_LOOP('',(#2988,#2989,#2990,#2991));
#547=EDGE_LOOP('',(#2992,#2993,#2994,#2995));
#548=EDGE_LOOP('',(#2996,#2997,#2998,#2999));
#549=EDGE_LOOP('',(#3000,#3001,#3002,#3003));
#550=EDGE_LOOP('',(#3004,#3005,#3006,#3007));
#551=EDGE_LOOP('',(#3008,#3009,#3010,#3011));
#552=EDGE_LOOP('',(#3012,#3013,#3014,#3015));
#553=EDGE_LOOP('',(#3016,#3017,#3018,#3019,#3020,#3021,#3022,#3023));
#554=LINE('',#4677,#947);
#555=LINE('',#4679,#948);
#556=LINE('',#4680,#949);
#557=LINE('',#4683,#950);
#558=LINE('',#4686,#951);
#559=LINE('',#4689,#952);
#560=LINE('',#4690,#953);
#561=LINE('',#4693,#954);
#562=LINE('',#4694,#955);
#563=LINE('',#4696,#956);
#564=LINE('',#4702,#957);
#565=LINE('',#4704,#958);
#566=LINE('',#4706,#959);
#567=LINE('',#4707,#960);
#568=LINE('',#4710,#961);
#569=LINE('',#4712,#962);
#570=LINE('',#4714,#963);
#571=LINE('',#4716,#964);
#572=LINE('',#4718,#965);
#573=LINE('',#4720,#966);
#574=LINE('',#4721,#967);
#575=LINE('',#4724,#968);
#576=LINE('',#4725,#969);
#577=LINE('',#4728,#970);
#578=LINE('',#4729,#971);
#579=LINE('',#4731,#972);
#580=LINE('',#4734,#973);
#581=LINE('',#4736,#974);
#582=LINE('',#4737,#975);
#583=LINE('',#4740,#976);
#584=LINE('',#4741,#977);
#585=LINE('',#4744,#978);
#586=LINE('',#4745,#979);
#587=LINE('',#4747,#980);
#588=LINE('',#4753,#981);
#589=LINE('',#4755,#982);
#590=LINE('',#4757,#983);
#591=LINE('',#4758,#984);
#592=LINE('',#4761,#985);
#593=LINE('',#4763,#986);
#594=LINE('',#4764,#987);
#595=LINE('',#4767,#988);
#596=LINE('',#4768,#989);
#597=LINE('',#4771,#990);
#598=LINE('',#4772,#991);
#599=LINE('',#4774,#992);
#600=LINE('',#4781,#993);
#601=LINE('',#4788,#994);
#602=LINE('',#4790,#995);
#603=LINE('',#4792,#996);
#604=LINE('',#4793,#997);
#605=LINE('',#4797,#998);
#606=LINE('',#4798,#999);
#607=LINE('',#4799,#1000);
#608=LINE('',#4802,#1001);
#609=LINE('',#4804,#1002);
#610=LINE('',#4805,#1003);
#611=LINE('',#4808,#1004);
#612=LINE('',#4810,#1005);
#613=LINE('',#4812,#1006);
#614=LINE('',#4814,#1007);
#615=LINE('',#4815,#1008);
#616=LINE('',#4820,#1009);
#617=LINE('',#4822,#1010);
#618=LINE('',#4824,#1011);
#619=LINE('',#4826,#1012);
#620=LINE('',#4827,#1013);
#621=LINE('',#4830,#1014);
#622=LINE('',#4834,#1015);
#623=LINE('',#4835,#1016);
#624=LINE('',#4837,#1017);
#625=LINE('',#4839,#1018);
#626=LINE('',#4855,#1019);
#627=LINE('',#4857,#1020);
#628=LINE('',#4858,#1021);
#629=LINE('',#4861,#1022);
#630=LINE('',#4864,#1023);
#631=LINE('',#4867,#1024);
#632=LINE('',#4868,#1025);
#633=LINE('',#4871,#1026);
#634=LINE('',#4872,#1027);
#635=LINE('',#4874,#1028);
#636=LINE('',#4880,#1029);
#637=LINE('',#4882,#1030);
#638=LINE('',#4884,#1031);
#639=LINE('',#4885,#1032);
#640=LINE('',#4889,#1033);
#641=LINE('',#4891,#1034);
#642=LINE('',#4893,#1035);
#643=LINE('',#4894,#1036);
#644=LINE('',#4896,#1037);
#645=LINE('',#4897,#1038);
#646=LINE('',#4899,#1039);
#647=LINE('',#4901,#1040);
#648=LINE('',#4908,#1041);
#649=LINE('',#4916,#1042);
#650=LINE('',#4918,#1043);
#651=LINE('',#4920,#1044);
#652=LINE('',#4921,#1045);
#653=LINE('',#4925,#1046);
#654=LINE('',#4926,#1047);
#655=LINE('',#4927,#1048);
#656=LINE('',#4930,#1049);
#657=LINE('',#4932,#1050);
#658=LINE('',#4933,#1051);
#659=LINE('',#4936,#1052);
#660=LINE('',#4938,#1053);
#661=LINE('',#4940,#1054);
#662=LINE('',#4942,#1055);
#663=LINE('',#4943,#1056);
#664=LINE('',#4948,#1057);
#665=LINE('',#4950,#1058);
#666=LINE('',#4952,#1059);
#667=LINE('',#4954,#1060);
#668=LINE('',#4955,#1061);
#669=LINE('',#4958,#1062);
#670=LINE('',#4962,#1063);
#671=LINE('',#4963,#1064);
#672=LINE('',#4965,#1065);
#673=LINE('',#4967,#1066);
#674=LINE('',#4974,#1067);
#675=LINE('',#4976,#1068);
#676=LINE('',#4978,#1069);
#677=LINE('',#4979,#1070);
#678=LINE('',#4982,#1071);
#679=LINE('',#4984,#1072);
#680=LINE('',#4985,#1073);
#681=LINE('',#4988,#1074);
#682=LINE('',#4989,#1075);
#683=LINE('',#4992,#1076);
#684=LINE('',#4993,#1077);
#685=LINE('',#4997,#1078);
#686=LINE('',#4999,#1079);
#687=LINE('',#5001,#1080);
#688=LINE('',#5002,#1081);
#689=LINE('',#5006,#1082);
#690=LINE('',#5008,#1083);
#691=LINE('',#5010,#1084);
#692=LINE('',#5011,#1085);
#693=LINE('',#5015,#1086);
#694=LINE('',#5017,#1087);
#695=LINE('',#5019,#1088);
#696=LINE('',#5020,#1089);
#697=LINE('',#5023,#1090);
#698=LINE('',#5025,#1091);
#699=LINE('',#5027,#1092);
#700=LINE('',#5029,#1093);
#701=LINE('',#5030,#1094);
#702=LINE('',#5033,#1095);
#703=LINE('',#5035,#1096);
#704=LINE('',#5036,#1097);
#705=LINE('',#5038,#1098);
#706=LINE('',#5040,#1099);
#707=LINE('',#5041,#1100);
#708=LINE('',#5045,#1101);
#709=LINE('',#5046,#1102);
#710=LINE('',#5047,#1103);
#711=LINE('',#5050,#1104);
#712=LINE('',#5051,#1105);
#713=LINE('',#5055,#1106);
#714=LINE('',#5056,#1107);
#715=LINE('',#5057,#1108);
#716=LINE('',#5060,#1109);
#717=LINE('',#5061,#1110);
#718=LINE('',#5064,#1111);
#719=LINE('',#5065,#1112);
#720=LINE('',#5068,#1113);
#721=LINE('',#5069,#1114);
#722=LINE('',#5072,#1115);
#723=LINE('',#5073,#1116);
#724=LINE('',#5075,#1117);
#725=LINE('',#5076,#1118);
#726=LINE('',#5077,#1119);
#727=LINE('',#5079,#1120);
#728=LINE('',#5090,#1121);
#729=LINE('',#5092,#1122);
#730=LINE('',#5094,#1123);
#731=LINE('',#5095,#1124);
#732=LINE('',#5099,#1125);
#733=LINE('',#5101,#1126);
#734=LINE('',#5103,#1127);
#735=LINE('',#5104,#1128);
#736=LINE('',#5108,#1129);
#737=LINE('',#5110,#1130);
#738=LINE('',#5112,#1131);
#739=LINE('',#5113,#1132);
#740=LINE('',#5117,#1133);
#741=LINE('',#5119,#1134);
#742=LINE('',#5121,#1135);
#743=LINE('',#5122,#1136);
#744=LINE('',#5125,#1137);
#745=LINE('',#5127,#1138);
#746=LINE('',#5128,#1139);
#747=LINE('',#5131,#1140);
#748=LINE('',#5133,#1141);
#749=LINE('',#5134,#1142);
#750=LINE('',#5137,#1143);
#751=LINE('',#5139,#1144);
#752=LINE('',#5140,#1145);
#753=LINE('',#5143,#1146);
#754=LINE('',#5145,#1147);
#755=LINE('',#5146,#1148);
#756=LINE('',#5149,#1149);
#757=LINE('',#5151,#1150);
#758=LINE('',#5153,#1151);
#759=LINE('',#5154,#1152);
#760=LINE('',#5157,#1153);
#761=LINE('',#5159,#1154);
#762=LINE('',#5160,#1155);
#763=LINE('',#5163,#1156);
#764=LINE('',#5164,#1157);
#765=LINE('',#5166,#1158);
#766=LINE('',#5168,#1159);
#767=LINE('',#5170,#1160);
#768=LINE('',#5172,#1161);
#769=LINE('',#5174,#1162);
#770=LINE('',#5176,#1163);
#771=LINE('',#5178,#1164);
#772=LINE('',#5180,#1165);
#773=LINE('',#5182,#1166);
#774=LINE('',#5183,#1167);
#775=LINE('',#5185,#1168);
#776=LINE('',#5186,#1169);
#777=LINE('',#5187,#1170);
#778=LINE('',#5192,#1171);
#779=LINE('',#5197,#1172);
#780=LINE('',#5203,#1173);
#781=LINE('',#5206,#1174);
#782=LINE('',#5208,#1175);
#783=LINE('',#5211,#1176);
#784=LINE('',#5213,#1177);
#785=LINE('',#5217,#1178);
#786=LINE('',#5221,#1179);
#787=LINE('',#5223,#1180);
#788=LINE('',#5224,#1181);
#789=LINE('',#5227,#1182);
#790=LINE('',#5228,#1183);
#791=LINE('',#5231,#1184);
#792=LINE('',#5232,#1185);
#793=LINE('',#5235,#1186);
#794=LINE('',#5237,#1187);
#795=LINE('',#5238,#1188);
#796=LINE('',#5240,#1189);
#797=LINE('',#5243,#1190);
#798=LINE('',#5244,#1191);
#799=LINE('',#5247,#1192);
#800=LINE('',#5249,#1193);
#801=LINE('',#5251,#1194);
#802=LINE('',#5252,#1195);
#803=LINE('',#5254,#1196);
#804=LINE('',#5257,#1197);
#805=LINE('',#5258,#1198);
#806=LINE('',#5260,#1199);
#807=LINE('',#5262,#1200);
#808=LINE('',#5263,#1201);
#809=LINE('',#5265,#1202);
#810=LINE('',#5266,#1203);
#811=LINE('',#5267,#1204);
#812=LINE('',#5270,#1205);
#813=LINE('',#5272,#1206);
#814=LINE('',#5273,#1207);
#815=LINE('',#5277,#1208);
#816=LINE('',#5279,#1209);
#817=LINE('',#5282,#1210);
#818=LINE('',#5283,#1211);
#819=LINE('',#5285,#1212);
#820=LINE('',#5287,#1213);
#821=LINE('',#5290,#1214);
#822=LINE('',#5294,#1215);
#823=LINE('',#5295,#1216);
#824=LINE('',#5297,#1217);
#825=LINE('',#5300,#1218);
#826=LINE('',#5307,#1219);
#827=LINE('',#5309,#1220);
#828=LINE('',#5311,#1221);
#829=LINE('',#5312,#1222);
#830=LINE('',#5315,#1223);
#831=LINE('',#5317,#1224);
#832=LINE('',#5318,#1225);
#833=LINE('',#5321,#1226);
#834=LINE('',#5323,#1227);
#835=LINE('',#5324,#1228);
#836=LINE('',#5326,#1229);
#837=LINE('',#5327,#1230);
#838=LINE('',#5335,#1231);
#839=LINE('',#5337,#1232);
#840=LINE('',#5339,#1233);
#841=LINE('',#5340,#1234);
#842=LINE('',#5343,#1235);
#843=LINE('',#5345,#1236);
#844=LINE('',#5346,#1237);
#845=LINE('',#5349,#1238);
#846=LINE('',#5351,#1239);
#847=LINE('',#5352,#1240);
#848=LINE('',#5354,#1241);
#849=LINE('',#5355,#1242);
#850=LINE('',#5359,#1243);
#851=LINE('',#5363,#1244);
#852=LINE('',#5367,#1245);
#853=LINE('',#5373,#1246);
#854=LINE('',#5376,#1247);
#855=LINE('',#5379,#1248);
#856=LINE('',#5381,#1249);
#857=LINE('',#5382,#1250);
#858=LINE('',#5385,#1251);
#859=LINE('',#5389,#1252);
#860=LINE('',#5391,#1253);
#861=LINE('',#5392,#1254);
#862=LINE('',#5395,#1255);
#863=LINE('',#5399,#1256);
#864=LINE('',#5437,#1257);
#865=LINE('',#5441,#1258);
#866=LINE('',#5442,#1259);
#867=LINE('',#5446,#1260);
#868=LINE('',#5448,#1261);
#869=LINE('',#5450,#1262);
#870=LINE('',#5451,#1263);
#871=LINE('',#5455,#1264);
#872=LINE('',#5457,#1265);
#873=LINE('',#5459,#1266);
#874=LINE('',#5460,#1267);
#875=LINE('',#5463,#1268);
#876=LINE('',#5465,#1269);
#877=LINE('',#5466,#1270);
#878=LINE('',#5469,#1271);
#879=LINE('',#5471,#1272);
#880=LINE('',#5472,#1273);
#881=LINE('',#5475,#1274);
#882=LINE('',#5477,#1275);
#883=LINE('',#5478,#1276);
#884=LINE('',#5480,#1277);
#885=LINE('',#5481,#1278);
#886=LINE('',#5484,#1279);
#887=LINE('',#5486,#1280);
#888=LINE('',#5487,#1281);
#889=LINE('',#5489,#1282);
#890=LINE('',#5490,#1283);
#891=LINE('',#5494,#1284);
#892=LINE('',#5497,#1285);
#893=LINE('',#5501,#1286);
#894=LINE('',#5503,#1287);
#895=LINE('',#5505,#1288);
#896=LINE('',#5507,#1289);
#897=LINE('',#5509,#1290);
#898=LINE('',#5510,#1291);
#899=LINE('',#5513,#1292);
#900=LINE('',#5534,#1293);
#901=LINE('',#5536,#1294);
#902=LINE('',#5538,#1295);
#903=LINE('',#5540,#1296);
#904=LINE('',#5542,#1297);
#905=LINE('',#5543,#1298);
#906=LINE('',#5547,#1299);
#907=LINE('',#5549,#1300);
#908=LINE('',#5553,#1301);
#909=LINE('',#5555,#1302);
#910=LINE('',#5559,#1303);
#911=LINE('',#5563,#1304);
#912=LINE('',#5565,#1305);
#913=LINE('',#5570,#1306);
#914=LINE('',#5586,#1307);
#915=LINE('',#5590,#1308);
#916=LINE('',#5592,#1309);
#917=LINE('',#5594,#1310);
#918=LINE('',#5598,#1311);
#919=LINE('',#5600,#1312);
#920=LINE('',#5602,#1313);
#921=LINE('',#5603,#1314);
#922=LINE('',#5606,#1315);
#923=LINE('',#5608,#1316);
#924=LINE('',#5609,#1317);
#925=LINE('',#5612,#1318);
#926=LINE('',#5613,#1319);
#927=LINE('',#5616,#1320);
#928=LINE('',#5617,#1321);
#929=LINE('',#5619,#1322);
#930=LINE('',#5622,#1323);
#931=LINE('',#5629,#1324);
#932=LINE('',#5632,#1325);
#933=LINE('',#5635,#1326);
#934=LINE('',#5639,#1327);
#935=LINE('',#5643,#1328);
#936=LINE('',#5646,#1329);
#937=LINE('',#5649,#1330);
#938=LINE('',#5650,#1331);
#939=LINE('',#5654,#1332);
#940=LINE('',#5657,#1333);
#941=LINE('',#5660,#1334);
#942=LINE('',#5663,#1335);
#943=LINE('',#5664,#1336);
#944=LINE('',#5667,#1337);
#945=LINE('',#5670,#1338);
#946=LINE('',#5672,#1339);
#947=VECTOR('',#3770,10.);
#948=VECTOR('',#3771,10.);
#949=VECTOR('',#3772,10.);
#950=VECTOR('',#3775,10.);
#951=VECTOR('',#3778,10.);
#952=VECTOR('',#3781,10.);
#953=VECTOR('',#3782,10.);
#954=VECTOR('',#3785,10.);
#955=VECTOR('',#3786,10.);
#956=VECTOR('',#3789,10.);
#957=VECTOR('',#3796,10.);
#958=VECTOR('',#3797,10.);
#959=VECTOR('',#3798,10.);
#960=VECTOR('',#3799,10.);
#961=VECTOR('',#3802,10.);
#962=VECTOR('',#3803,10.);
#963=VECTOR('',#3804,10.);
#964=VECTOR('',#3805,10.);
#965=VECTOR('',#3806,10.);
#966=VECTOR('',#3807,10.);
#967=VECTOR('',#3808,10.);
#968=VECTOR('',#3811,10.);
#969=VECTOR('',#3812,10.);
#970=VECTOR('',#3815,10.);
#971=VECTOR('',#3816,10.);
#972=VECTOR('',#3819,10.);
#973=VECTOR('',#3822,10.);
#974=VECTOR('',#3823,10.);
#975=VECTOR('',#3824,10.);
#976=VECTOR('',#3827,10.);
#977=VECTOR('',#3828,10.);
#978=VECTOR('',#3831,10.);
#979=VECTOR('',#3832,10.);
#980=VECTOR('',#3835,10.);
#981=VECTOR('',#3842,10.);
#982=VECTOR('',#3843,10.);
#983=VECTOR('',#3844,10.);
#984=VECTOR('',#3845,10.);
#985=VECTOR('',#3848,10.);
#986=VECTOR('',#3849,10.);
#987=VECTOR('',#3850,10.);
#988=VECTOR('',#3853,10.);
#989=VECTOR('',#3854,10.);
#990=VECTOR('',#3857,10.);
#991=VECTOR('',#3858,10.);
#992=VECTOR('',#3861,10.);
#993=VECTOR('',#3870,1.5);
#994=VECTOR('',#3879,10.);
#995=VECTOR('',#3880,10.);
#996=VECTOR('',#3881,10.);
#997=VECTOR('',#3882,10.);
#998=VECTOR('',#3885,10.);
#999=VECTOR('',#3886,10.);
#1000=VECTOR('',#3887,10.);
#1001=VECTOR('',#3890,10.);
#1002=VECTOR('',#3891,10.);
#1003=VECTOR('',#3892,10.);
#1004=VECTOR('',#3895,10.);
#1005=VECTOR('',#3896,10.);
#1006=VECTOR('',#3897,10.);
#1007=VECTOR('',#3898,10.);
#1008=VECTOR('',#3899,10.);
#1009=VECTOR('',#3904,10.);
#1010=VECTOR('',#3905,10.);
#1011=VECTOR('',#3906,10.);
#1012=VECTOR('',#3907,10.);
#1013=VECTOR('',#3908,10.);
#1014=VECTOR('',#3911,1.5);
#1015=VECTOR('',#3918,10.);
#1016=VECTOR('',#3919,10.);
#1017=VECTOR('',#3922,10.);
#1018=VECTOR('',#3925,10.);
#1019=VECTOR('',#3950,10.);
#1020=VECTOR('',#3951,10.);
#1021=VECTOR('',#3952,10.);
#1022=VECTOR('',#3955,10.);
#1023=VECTOR('',#3958,10.);
#1024=VECTOR('',#3961,10.);
#1025=VECTOR('',#3962,10.);
#1026=VECTOR('',#3965,10.);
#1027=VECTOR('',#3966,10.);
#1028=VECTOR('',#3969,10.);
#1029=VECTOR('',#3976,10.);
#1030=VECTOR('',#3977,10.);
#1031=VECTOR('',#3978,10.);
#1032=VECTOR('',#3979,10.);
#1033=VECTOR('',#3982,10.);
#1034=VECTOR('',#3983,10.);
#1035=VECTOR('',#3984,10.);
#1036=VECTOR('',#3985,10.);
#1037=VECTOR('',#3988,10.);
#1038=VECTOR('',#3989,10.);
#1039=VECTOR('',#3992,10.);
#1040=VECTOR('',#3995,10.);
#1041=VECTOR('',#4004,1.5);
#1042=VECTOR('',#4015,10.);
#1043=VECTOR('',#4016,10.);
#1044=VECTOR('',#4017,10.);
#1045=VECTOR('',#4018,10.);
#1046=VECTOR('',#4021,10.);
#1047=VECTOR('',#4022,10.);
#1048=VECTOR('',#4023,10.);
#1049=VECTOR('',#4026,10.);
#1050=VECTOR('',#4027,10.);
#1051=VECTOR('',#4028,10.);
#1052=VECTOR('',#4031,10.);
#1053=VECTOR('',#4032,10.);
#1054=VECTOR('',#4033,10.);
#1055=VECTOR('',#4034,10.);
#1056=VECTOR('',#4035,10.);
#1057=VECTOR('',#4040,10.);
#1058=VECTOR('',#4041,10.);
#1059=VECTOR('',#4042,10.);
#1060=VECTOR('',#4043,10.);
#1061=VECTOR('',#4044,10.);
#1062=VECTOR('',#4047,1.5);
#1063=VECTOR('',#4054,10.);
#1064=VECTOR('',#4055,10.);
#1065=VECTOR('',#4058,10.);
#1066=VECTOR('',#4061,10.);
#1067=VECTOR('',#4070,10.);
#1068=VECTOR('',#4071,10.);
#1069=VECTOR('',#4072,10.);
#1070=VECTOR('',#4073,10.);
#1071=VECTOR('',#4076,10.);
#1072=VECTOR('',#4077,10.);
#1073=VECTOR('',#4078,10.);
#1074=VECTOR('',#4081,10.);
#1075=VECTOR('',#4082,10.);
#1076=VECTOR('',#4085,10.);
#1077=VECTOR('',#4086,10.);
#1078=VECTOR('',#4089,10.);
#1079=VECTOR('',#4090,10.);
#1080=VECTOR('',#4091,10.);
#1081=VECTOR('',#4092,10.);
#1082=VECTOR('',#4095,10.);
#1083=VECTOR('',#4096,10.);
#1084=VECTOR('',#4097,10.);
#1085=VECTOR('',#4098,10.);
#1086=VECTOR('',#4101,10.);
#1087=VECTOR('',#4102,10.);
#1088=VECTOR('',#4103,10.);
#1089=VECTOR('',#4104,10.);
#1090=VECTOR('',#4107,10.);
#1091=VECTOR('',#4108,10.);
#1092=VECTOR('',#4109,10.);
#1093=VECTOR('',#4110,10.);
#1094=VECTOR('',#4111,10.);
#1095=VECTOR('',#4114,10.);
#1096=VECTOR('',#4115,10.);
#1097=VECTOR('',#4116,10.);
#1098=VECTOR('',#4119,10.);
#1099=VECTOR('',#4120,10.);
#1100=VECTOR('',#4121,10.);
#1101=VECTOR('',#4124,10.);
#1102=VECTOR('',#4125,10.);
#1103=VECTOR('',#4126,10.);
#1104=VECTOR('',#4129,10.);
#1105=VECTOR('',#4130,10.);
#1106=VECTOR('',#4133,10.);
#1107=VECTOR('',#4134,10.);
#1108=VECTOR('',#4135,10.);
#1109=VECTOR('',#4138,10.);
#1110=VECTOR('',#4139,10.);
#1111=VECTOR('',#4142,10.);
#1112=VECTOR('',#4143,10.);
#1113=VECTOR('',#4146,10.);
#1114=VECTOR('',#4147,10.);
#1115=VECTOR('',#4150,10.);
#1116=VECTOR('',#4151,10.);
#1117=VECTOR('',#4154,10.);
#1118=VECTOR('',#4155,10.);
#1119=VECTOR('',#4156,10.);
#1120=VECTOR('',#4159,10.);
#1121=VECTOR('',#4176,10.);
#1122=VECTOR('',#4177,10.);
#1123=VECTOR('',#4178,10.);
#1124=VECTOR('',#4179,10.);
#1125=VECTOR('',#4182,10.);
#1126=VECTOR('',#4183,10.);
#1127=VECTOR('',#4184,10.);
#1128=VECTOR('',#4185,10.);
#1129=VECTOR('',#4188,10.);
#1130=VECTOR('',#4189,10.);
#1131=VECTOR('',#4190,10.);
#1132=VECTOR('',#4191,10.);
#1133=VECTOR('',#4194,10.);
#1134=VECTOR('',#4195,10.);
#1135=VECTOR('',#4196,10.);
#1136=VECTOR('',#4197,10.);
#1137=VECTOR('',#4200,10.);
#1138=VECTOR('',#4201,10.);
#1139=VECTOR('',#4202,10.);
#1140=VECTOR('',#4205,10.);
#1141=VECTOR('',#4206,10.);
#1142=VECTOR('',#4207,10.);
#1143=VECTOR('',#4210,10.);
#1144=VECTOR('',#4211,10.);
#1145=VECTOR('',#4212,10.);
#1146=VECTOR('',#4215,10.);
#1147=VECTOR('',#4216,10.);
#1148=VECTOR('',#4217,10.);
#1149=VECTOR('',#4218,10.);
#1150=VECTOR('',#4219,10.);
#1151=VECTOR('',#4220,10.);
#1152=VECTOR('',#4221,10.);
#1153=VECTOR('',#4224,10.);
#1154=VECTOR('',#4225,10.);
#1155=VECTOR('',#4226,10.);
#1156=VECTOR('',#4229,10.);
#1157=VECTOR('',#4230,10.);
#1158=VECTOR('',#4231,10.);
#1159=VECTOR('',#4232,10.);
#1160=VECTOR('',#4233,10.);
#1161=VECTOR('',#4234,10.);
#1162=VECTOR('',#4235,10.);
#1163=VECTOR('',#4236,10.);
#1164=VECTOR('',#4237,10.);
#1165=VECTOR('',#4238,10.);
#1166=VECTOR('',#4239,10.);
#1167=VECTOR('',#4240,10.);
#1168=VECTOR('',#4241,10.);
#1169=VECTOR('',#4242,10.);
#1170=VECTOR('',#4243,10.);
#1171=VECTOR('',#4248,2.5);
#1172=VECTOR('',#4253,10.);
#1173=VECTOR('',#4260,1.5);
#1174=VECTOR('',#4263,10.);
#1175=VECTOR('',#4264,10.);
#1176=VECTOR('',#4269,10.);
#1177=VECTOR('',#4270,10.);
#1178=VECTOR('',#4273,10.);
#1179=VECTOR('',#4276,10.);
#1180=VECTOR('',#4277,10.);
#1181=VECTOR('',#4278,10.);
#1182=VECTOR('',#4281,10.);
#1183=VECTOR('',#4282,10.);
#1184=VECTOR('',#4285,10.);
#1185=VECTOR('',#4286,10.);
#1186=VECTOR('',#4289,10.);
#1187=VECTOR('',#4290,10.);
#1188=VECTOR('',#4291,10.);
#1189=VECTOR('',#4294,10.);
#1190=VECTOR('',#4297,10.);
#1191=VECTOR('',#4298,10.);
#1192=VECTOR('',#4299,10.);
#1193=VECTOR('',#4300,10.);
#1194=VECTOR('',#4301,10.);
#1195=VECTOR('',#4302,10.);
#1196=VECTOR('',#4305,10.);
#1197=VECTOR('',#4308,10.);
#1198=VECTOR('',#4309,10.);
#1199=VECTOR('',#4310,10.);
#1200=VECTOR('',#4311,10.);
#1201=VECTOR('',#4312,10.);
#1202=VECTOR('',#4313,10.);
#1203=VECTOR('',#4314,10.);
#1204=VECTOR('',#4315,10.);
#1205=VECTOR('',#4318,10.);
#1206=VECTOR('',#4319,10.);
#1207=VECTOR('',#4320,10.);
#1208=VECTOR('',#4325,10.);
#1209=VECTOR('',#4328,10.);
#1210=VECTOR('',#4333,10.);
#1211=VECTOR('',#4334,10.);
#1212=VECTOR('',#4337,10.);
#1213=VECTOR('',#4340,10.);
#1214=VECTOR('',#4345,10.);
#1215=VECTOR('',#4350,10.);
#1216=VECTOR('',#4351,10.);
#1217=VECTOR('',#4354,10.);
#1218=VECTOR('',#4359,10.);
#1219=VECTOR('',#4368,10.);
#1220=VECTOR('',#4369,10.);
#1221=VECTOR('',#4370,10.);
#1222=VECTOR('',#4371,10.);
#1223=VECTOR('',#4374,10.);
#1224=VECTOR('',#4375,10.);
#1225=VECTOR('',#4376,10.);
#1226=VECTOR('',#4379,10.);
#1227=VECTOR('',#4380,10.);
#1228=VECTOR('',#4381,10.);
#1229=VECTOR('',#4384,10.);
#1230=VECTOR('',#4385,10.);
#1231=VECTOR('',#4396,10.);
#1232=VECTOR('',#4397,10.);
#1233=VECTOR('',#4398,10.);
#1234=VECTOR('',#4399,10.);
#1235=VECTOR('',#4402,10.);
#1236=VECTOR('',#4403,10.);
#1237=VECTOR('',#4404,10.);
#1238=VECTOR('',#4407,10.);
#1239=VECTOR('',#4408,10.);
#1240=VECTOR('',#4409,10.);
#1241=VECTOR('',#4412,10.);
#1242=VECTOR('',#4413,10.);
#1243=VECTOR('',#4416,10.);
#1244=VECTOR('',#4419,10.);
#1245=VECTOR('',#4422,10.);
#1246=VECTOR('',#4427,10.);
#1247=VECTOR('',#4430,10.);
#1248=VECTOR('',#4433,10.);
#1249=VECTOR('',#4434,10.);
#1250=VECTOR('',#4435,10.);
#1251=VECTOR('',#4438,10.);
#1252=VECTOR('',#4443,10.);
#1253=VECTOR('',#4444,10.);
#1254=VECTOR('',#4445,10.);
#1255=VECTOR('',#4448,10.);
#1256=VECTOR('',#4451,10.);
#1257=VECTOR('',#4456,10.);
#1258=VECTOR('',#4461,10.);
#1259=VECTOR('',#4462,10.);
#1260=VECTOR('',#4465,10.);
#1261=VECTOR('',#4466,10.);
#1262=VECTOR('',#4467,10.);
#1263=VECTOR('',#4468,10.);
#1264=VECTOR('',#4471,10.);
#1265=VECTOR('',#4472,10.);
#1266=VECTOR('',#4473,10.);
#1267=VECTOR('',#4474,10.);
#1268=VECTOR('',#4477,10.);
#1269=VECTOR('',#4478,10.);
#1270=VECTOR('',#4479,10.);
#1271=VECTOR('',#4482,10.);
#1272=VECTOR('',#4483,10.);
#1273=VECTOR('',#4484,10.);
#1274=VECTOR('',#4487,10.);
#1275=VECTOR('',#4488,10.);
#1276=VECTOR('',#4489,10.);
#1277=VECTOR('',#4492,10.);
#1278=VECTOR('',#4493,10.);
#1279=VECTOR('',#4496,10.);
#1280=VECTOR('',#4497,10.);
#1281=VECTOR('',#4498,10.);
#1282=VECTOR('',#4501,10.);
#1283=VECTOR('',#4502,10.);
#1284=VECTOR('',#4507,10.);
#1285=VECTOR('',#4510,10.);
#1286=VECTOR('',#4515,10.);
#1287=VECTOR('',#4516,10.);
#1288=VECTOR('',#4517,10.);
#1289=VECTOR('',#4518,10.);
#1290=VECTOR('',#4519,10.);
#1291=VECTOR('',#4520,10.);
#1292=VECTOR('',#4523,10.);
#1293=VECTOR('',#4528,10.);
#1294=VECTOR('',#4529,10.);
#1295=VECTOR('',#4530,10.);
#1296=VECTOR('',#4531,10.);
#1297=VECTOR('',#4532,10.);
#1298=VECTOR('',#4533,10.);
#1299=VECTOR('',#4538,10.);
#1300=VECTOR('',#4541,10.);
#1301=VECTOR('',#4546,10.);
#1302=VECTOR('',#4549,10.);
#1303=VECTOR('',#4554,10.);
#1304=VECTOR('',#4559,10.);
#1305=VECTOR('',#4562,10.);
#1306=VECTOR('',#4567,10.);
#1307=VECTOR('',#4570,10.);
#1308=VECTOR('',#4575,10.);
#1309=VECTOR('',#4578,10.);
#1310=VECTOR('',#4581,10.);
#1311=VECTOR('',#4584,10.);
#1312=VECTOR('',#4585,10.);
#1313=VECTOR('',#4586,10.);
#1314=VECTOR('',#4587,10.);
#1315=VECTOR('',#4590,10.);
#1316=VECTOR('',#4591,10.);
#1317=VECTOR('',#4592,10.);
#1318=VECTOR('',#4595,10.);
#1319=VECTOR('',#4596,10.);
#1320=VECTOR('',#4599,10.);
#1321=VECTOR('',#4600,10.);
#1322=VECTOR('',#4603,10.);
#1323=VECTOR('',#4608,10.);
#1324=VECTOR('',#4615,10.);
#1325=VECTOR('',#4618,10.);
#1326=VECTOR('',#4621,10.);
#1327=VECTOR('',#4624,10.);
#1328=VECTOR('',#4627,10.);
#1329=VECTOR('',#4630,10.);
#1330=VECTOR('',#4633,10.);
#1331=VECTOR('',#4634,10.);
#1332=VECTOR('',#4639,10.);
#1333=VECTOR('',#4642,10.);
#1334=VECTOR('',#4645,10.);
#1335=VECTOR('',#4648,10.);
#1336=VECTOR('',#4649,10.);
#1337=VECTOR('',#4652,10.);
#1338=VECTOR('',#4657,10.);
#1339=VECTOR('',#4660,10.);
#1340=CIRCLE('',#3503,2.5);
#1341=CIRCLE('',#3505,2.5);
#1342=CIRCLE('',#3530,1.5);
#1343=CIRCLE('',#3531,1.5);
#1344=CIRCLE('',#3538,1.5);
#1345=CIRCLE('',#3541,1.5);
#1346=CIRCLE('',#3557,2.5);
#1347=CIRCLE('',#3559,2.5);
#1348=CIRCLE('',#3573,1.5);
#1349=CIRCLE('',#3574,1.5);
#1350=CIRCLE('',#3582,1.5);
#1351=CIRCLE('',#3585,1.5);
#1352=CIRCLE('',#3630,2.5);
#1353=CIRCLE('',#3631,2.5);
#1354=CIRCLE('',#3633,1.5);
#1355=CIRCLE('',#3635,1.5);
#1356=CIRCLE('',#3636,1.5);
#1357=CIRCLE('',#3637,1.5);
#1358=CIRCLE('',#3639,8.5);
#1359=CIRCLE('',#3640,8.5);
#1360=CIRCLE('',#3650,8.5);
#1361=CIRCLE('',#3662,8.5);
#1362=CIRCLE('',#3679,11.5711651265285);
#1363=CIRCLE('',#3680,11.5711651265285);
#1364=CIRCLE('',#3681,11.5711651265285);
#1365=CIRCLE('',#3682,10.);
#1366=CIRCLE('',#3683,10.);
#1367=CIRCLE('',#3686,10.);
#1368=CIRCLE('',#3689,11.5711651265285);
#1369=CIRCLE('',#3690,11.5711651265285);
#1370=CIRCLE('',#3691,11.5711651265285);
#1371=CIRCLE('',#3692,11.5711651265285);
#1372=CIRCLE('',#3703,11.5711651265285);
#1373=CIRCLE('',#3705,11.5711651265285);
#1374=CIRCLE('',#3708,11.5711651265285);
#1375=CIRCLE('',#3711,10.);
#1376=CIRCLE('',#3714,5.);
#1377=CIRCLE('',#3717,5.);
#1378=CIRCLE('',#3719,5.);
#1379=CIRCLE('',#3722,5.);
#1380=CIRCLE('',#3725,11.5711651265285);
#1381=CIRCLE('',#3737,5.);
#1382=CIRCLE('',#3738,5.);
#1383=CIRCLE('',#3740,5.);
#1384=CIRCLE('',#3741,5.);
#1385=CIRCLE('',#3742,5.);
#1386=CIRCLE('',#3745,5.);
#1387=CIRCLE('',#3747,5.);
#1388=CIRCLE('',#3750,5.);
#1389=VERTEX_POINT('',#4673);
#1390=VERTEX_POINT('',#4674);
#1391=VERTEX_POINT('',#4676);
#1392=VERTEX_POINT('',#4678);
#1393=VERTEX_POINT('',#4682);
#1394=VERTEX_POINT('',#4684);
#1395=VERTEX_POINT('',#4688);
#1396=VERTEX_POINT('',#4692);
#1397=VERTEX_POINT('',#4700);
#1398=VERTEX_POINT('',#4701);
#1399=VERTEX_POINT('',#4703);
#1400=VERTEX_POINT('',#4705);
#1401=VERTEX_POINT('',#4709);
#1402=VERTEX_POINT('',#4711);
#1403=VERTEX_POINT('',#4713);
#1404=VERTEX_POINT('',#4715);
#1405=VERTEX_POINT('',#4717);
#1406=VERTEX_POINT('',#4719);
#1407=VERTEX_POINT('',#4723);
#1408=VERTEX_POINT('',#4727);
#1409=VERTEX_POINT('',#4733);
#1410=VERTEX_POINT('',#4735);
#1411=VERTEX_POINT('',#4739);
#1412=VERTEX_POINT('',#4743);
#1413=VERTEX_POINT('',#4751);
#1414=VERTEX_POINT('',#4752);
#1415=VERTEX_POINT('',#4754);
#1416=VERTEX_POINT('',#4756);
#1417=VERTEX_POINT('',#4760);
#1418=VERTEX_POINT('',#4762);
#1419=VERTEX_POINT('',#4766);
#1420=VERTEX_POINT('',#4770);
#1421=VERTEX_POINT('',#4778);
#1422=VERTEX_POINT('',#4780);
#1423=VERTEX_POINT('',#4786);
#1424=VERTEX_POINT('',#4787);
#1425=VERTEX_POINT('',#4789);
#1426=VERTEX_POINT('',#4791);
#1427=VERTEX_POINT('',#4795);
#1428=VERTEX_POINT('',#4796);
#1429=VERTEX_POINT('',#4801);
#1430=VERTEX_POINT('',#4803);
#1431=VERTEX_POINT('',#4807);
#1432=VERTEX_POINT('',#4809);
#1433=VERTEX_POINT('',#4811);
#1434=VERTEX_POINT('',#4813);
#1435=VERTEX_POINT('',#4816);
#1436=VERTEX_POINT('',#4819);
#1437=VERTEX_POINT('',#4821);
#1438=VERTEX_POINT('',#4823);
#1439=VERTEX_POINT('',#4825);
#1440=VERTEX_POINT('',#4829);
#1441=VERTEX_POINT('',#4851);
#1442=VERTEX_POINT('',#4852);
#1443=VERTEX_POINT('',#4854);
#1444=VERTEX_POINT('',#4856);
#1445=VERTEX_POINT('',#4860);
#1446=VERTEX_POINT('',#4862);
#1447=VERTEX_POINT('',#4866);
#1448=VERTEX_POINT('',#4870);
#1449=VERTEX_POINT('',#4878);
#1450=VERTEX_POINT('',#4879);
#1451=VERTEX_POINT('',#4881);
#1452=VERTEX_POINT('',#4883);
#1453=VERTEX_POINT('',#4887);
#1454=VERTEX_POINT('',#4888);
#1455=VERTEX_POINT('',#4890);
#1456=VERTEX_POINT('',#4892);
#1457=VERTEX_POINT('',#4905);
#1458=VERTEX_POINT('',#4907);
#1459=VERTEX_POINT('',#4914);
#1460=VERTEX_POINT('',#4915);
#1461=VERTEX_POINT('',#4917);
#1462=VERTEX_POINT('',#4919);
#1463=VERTEX_POINT('',#4923);
#1464=VERTEX_POINT('',#4924);
#1465=VERTEX_POINT('',#4929);
#1466=VERTEX_POINT('',#4931);
#1467=VERTEX_POINT('',#4935);
#1468=VERTEX_POINT('',#4937);
#1469=VERTEX_POINT('',#4939);
#1470=VERTEX_POINT('',#4941);
#1471=VERTEX_POINT('',#4944);
#1472=VERTEX_POINT('',#4947);
#1473=VERTEX_POINT('',#4949);
#1474=VERTEX_POINT('',#4951);
#1475=VERTEX_POINT('',#4953);
#1476=VERTEX_POINT('',#4957);
#1477=VERTEX_POINT('',#4972);
#1478=VERTEX_POINT('',#4973);
#1479=VERTEX_POINT('',#4975);
#1480=VERTEX_POINT('',#4977);
#1481=VERTEX_POINT('',#4981);
#1482=VERTEX_POINT('',#4983);
#1483=VERTEX_POINT('',#4987);
#1484=VERTEX_POINT('',#4991);
#1485=VERTEX_POINT('',#4995);
#1486=VERTEX_POINT('',#4996);
#1487=VERTEX_POINT('',#4998);
#1488=VERTEX_POINT('',#5000);
#1489=VERTEX_POINT('',#5004);
#1490=VERTEX_POINT('',#5005);
#1491=VERTEX_POINT('',#5007);
#1492=VERTEX_POINT('',#5009);
#1493=VERTEX_POINT('',#5013);
#1494=VERTEX_POINT('',#5014);
#1495=VERTEX_POINT('',#5016);
#1496=VERTEX_POINT('',#5018);
#1497=VERTEX_POINT('',#5022);
#1498=VERTEX_POINT('',#5024);
#1499=VERTEX_POINT('',#5026);
#1500=VERTEX_POINT('',#5028);
#1501=VERTEX_POINT('',#5032);
#1502=VERTEX_POINT('',#5034);
#1503=VERTEX_POINT('',#5039);
#1504=VERTEX_POINT('',#5043);
#1505=VERTEX_POINT('',#5044);
#1506=VERTEX_POINT('',#5049);
#1507=VERTEX_POINT('',#5053);
#1508=VERTEX_POINT('',#5054);
#1509=VERTEX_POINT('',#5059);
#1510=VERTEX_POINT('',#5063);
#1511=VERTEX_POINT('',#5067);
#1512=VERTEX_POINT('',#5071);
#1513=VERTEX_POINT('',#5088);
#1514=VERTEX_POINT('',#5089);
#1515=VERTEX_POINT('',#5091);
#1516=VERTEX_POINT('',#5093);
#1517=VERTEX_POINT('',#5097);
#1518=VERTEX_POINT('',#5098);
#1519=VERTEX_POINT('',#5100);
#1520=VERTEX_POINT('',#5102);
#1521=VERTEX_POINT('',#5106);
#1522=VERTEX_POINT('',#5107);
#1523=VERTEX_POINT('',#5109);
#1524=VERTEX_POINT('',#5111);
#1525=VERTEX_POINT('',#5115);
#1526=VERTEX_POINT('',#5116);
#1527=VERTEX_POINT('',#5118);
#1528=VERTEX_POINT('',#5120);
#1529=VERTEX_POINT('',#5124);
#1530=VERTEX_POINT('',#5126);
#1531=VERTEX_POINT('',#5130);
#1532=VERTEX_POINT('',#5132);
#1533=VERTEX_POINT('',#5136);
#1534=VERTEX_POINT('',#5138);
#1535=VERTEX_POINT('',#5142);
#1536=VERTEX_POINT('',#5144);
#1537=VERTEX_POINT('',#5147);
#1538=VERTEX_POINT('',#5148);
#1539=VERTEX_POINT('',#5150);
#1540=VERTEX_POINT('',#5152);
#1541=VERTEX_POINT('',#5156);
#1542=VERTEX_POINT('',#5158);
#1543=VERTEX_POINT('',#5162);
#1544=VERTEX_POINT('',#5165);
#1545=VERTEX_POINT('',#5167);
#1546=VERTEX_POINT('',#5169);
#1547=VERTEX_POINT('',#5171);
#1548=VERTEX_POINT('',#5173);
#1549=VERTEX_POINT('',#5175);
#1550=VERTEX_POINT('',#5177);
#1551=VERTEX_POINT('',#5179);
#1552=VERTEX_POINT('',#5181);
#1553=VERTEX_POINT('',#5184);
#1554=VERTEX_POINT('',#5189);
#1555=VERTEX_POINT('',#5191);
#1556=VERTEX_POINT('',#5195);
#1557=VERTEX_POINT('',#5196);
#1558=VERTEX_POINT('',#5200);
#1559=VERTEX_POINT('',#5202);
#1560=VERTEX_POINT('',#5204);
#1561=VERTEX_POINT('',#5207);
#1562=VERTEX_POINT('',#5212);
#1563=VERTEX_POINT('',#5214);
#1564=VERTEX_POINT('',#5216);
#1565=VERTEX_POINT('',#5218);
#1566=VERTEX_POINT('',#5220);
#1567=VERTEX_POINT('',#5222);
#1568=VERTEX_POINT('',#5226);
#1569=VERTEX_POINT('',#5230);
#1570=VERTEX_POINT('',#5234);
#1571=VERTEX_POINT('',#5236);
#1572=VERTEX_POINT('',#5242);
#1573=VERTEX_POINT('',#5245);
#1574=VERTEX_POINT('',#5246);
#1575=VERTEX_POINT('',#5248);
#1576=VERTEX_POINT('',#5250);
#1577=VERTEX_POINT('',#5256);
#1578=VERTEX_POINT('',#5259);
#1579=VERTEX_POINT('',#5261);
#1580=VERTEX_POINT('',#5264);
#1581=VERTEX_POINT('',#5269);
#1582=VERTEX_POINT('',#5271);
#1583=VERTEX_POINT('',#5275);
#1584=VERTEX_POINT('',#5293);
#1585=VERTEX_POINT('',#5305);
#1586=VERTEX_POINT('',#5306);
#1587=VERTEX_POINT('',#5308);
#1588=VERTEX_POINT('',#5310);
#1589=VERTEX_POINT('',#5314);
#1590=VERTEX_POINT('',#5316);
#1591=VERTEX_POINT('',#5320);
#1592=VERTEX_POINT('',#5322);
#1593=VERTEX_POINT('',#5333);
#1594=VERTEX_POINT('',#5334);
#1595=VERTEX_POINT('',#5336);
#1596=VERTEX_POINT('',#5338);
#1597=VERTEX_POINT('',#5342);
#1598=VERTEX_POINT('',#5344);
#1599=VERTEX_POINT('',#5348);
#1600=VERTEX_POINT('',#5350);
#1601=VERTEX_POINT('',#5357);
#1602=VERTEX_POINT('',#5358);
#1603=VERTEX_POINT('',#5360);
#1604=VERTEX_POINT('',#5362);
#1605=VERTEX_POINT('',#5364);
#1606=VERTEX_POINT('',#5366);
#1607=VERTEX_POINT('',#5369);
#1608=VERTEX_POINT('',#5370);
#1609=VERTEX_POINT('',#5372);
#1610=VERTEX_POINT('',#5374);
#1611=VERTEX_POINT('',#5378);
#1612=VERTEX_POINT('',#5380);
#1613=VERTEX_POINT('',#5384);
#1614=VERTEX_POINT('',#5388);
#1615=VERTEX_POINT('',#5390);
#1616=VERTEX_POINT('',#5394);
#1617=VERTEX_POINT('',#5396);
#1618=VERTEX_POINT('',#5398);
#1619=VERTEX_POINT('',#5400);
#1620=VERTEX_POINT('',#5415);
#1621=VERTEX_POINT('',#5417);
#1622=VERTEX_POINT('',#5419);
#1623=VERTEX_POINT('',#5436);
#1624=VERTEX_POINT('',#5440);
#1625=VERTEX_POINT('',#5444);
#1626=VERTEX_POINT('',#5445);
#1627=VERTEX_POINT('',#5447);
#1628=VERTEX_POINT('',#5449);
#1629=VERTEX_POINT('',#5453);
#1630=VERTEX_POINT('',#5454);
#1631=VERTEX_POINT('',#5456);
#1632=VERTEX_POINT('',#5458);
#1633=VERTEX_POINT('',#5462);
#1634=VERTEX_POINT('',#5464);
#1635=VERTEX_POINT('',#5468);
#1636=VERTEX_POINT('',#5470);
#1637=VERTEX_POINT('',#5474);
#1638=VERTEX_POINT('',#5476);
#1639=VERTEX_POINT('',#5483);
#1640=VERTEX_POINT('',#5485);
#1641=VERTEX_POINT('',#5492);
#1642=VERTEX_POINT('',#5496);
#1643=VERTEX_POINT('',#5500);
#1644=VERTEX_POINT('',#5502);
#1645=VERTEX_POINT('',#5504);
#1646=VERTEX_POINT('',#5506);
#1647=VERTEX_POINT('',#5508);
#1648=VERTEX_POINT('',#5512);
#1649=VERTEX_POINT('',#5514);
#1650=VERTEX_POINT('',#5533);
#1651=VERTEX_POINT('',#5535);
#1652=VERTEX_POINT('',#5537);
#1653=VERTEX_POINT('',#5539);
#1654=VERTEX_POINT('',#5541);
#1655=VERTEX_POINT('',#5545);
#1656=VERTEX_POINT('',#5551);
#1657=VERTEX_POINT('',#5557);
#1658=VERTEX_POINT('',#5561);
#1659=VERTEX_POINT('',#5567);
#1660=VERTEX_POINT('',#5569);
#1661=VERTEX_POINT('',#5588);
#1662=VERTEX_POINT('',#5596);
#1663=VERTEX_POINT('',#5597);
#1664=VERTEX_POINT('',#5599);
#1665=VERTEX_POINT('',#5601);
#1666=VERTEX_POINT('',#5605);
#1667=VERTEX_POINT('',#5607);
#1668=VERTEX_POINT('',#5611);
#1669=VERTEX_POINT('',#5615);
#1670=VERTEX_POINT('',#5625);
#1671=VERTEX_POINT('',#5626);
#1672=VERTEX_POINT('',#5628);
#1673=VERTEX_POINT('',#5630);
#1674=VERTEX_POINT('',#5634);
#1675=VERTEX_POINT('',#5636);
#1676=VERTEX_POINT('',#5638);
#1677=VERTEX_POINT('',#5640);
#1678=VERTEX_POINT('',#5642);
#1679=VERTEX_POINT('',#5644);
#1680=VERTEX_POINT('',#5648);
#1681=VERTEX_POINT('',#5652);
#1682=VERTEX_POINT('',#5656);
#1683=VERTEX_POINT('',#5658);
#1684=VERTEX_POINT('',#5662);
#1685=VERTEX_POINT('',#5666);
#1686=EDGE_CURVE('',#1389,#1390,#1340,.T.);
#1687=EDGE_CURVE('',#1391,#1389,#554,.T.);
#1688=EDGE_CURVE('',#1391,#1392,#555,.T.);
#1689=EDGE_CURVE('',#1392,#1390,#556,.T.);
#1690=EDGE_CURVE('',#1390,#1393,#557,.T.);
#1691=EDGE_CURVE('',#1393,#1394,#1341,.T.);
#1692=EDGE_CURVE('',#1394,#1389,#558,.T.);
#1693=EDGE_CURVE('',#1395,#1394,#559,.T.);
#1694=EDGE_CURVE('',#1395,#1391,#560,.T.);
#1695=EDGE_CURVE('',#1396,#1393,#561,.T.);
#1696=EDGE_CURVE('',#1396,#1395,#562,.T.);
#1697=EDGE_CURVE('',#1392,#1396,#563,.T.);
#1698=EDGE_CURVE('',#1397,#1398,#564,.T.);
#1699=EDGE_CURVE('',#1398,#1399,#565,.T.);
#1700=EDGE_CURVE('',#1399,#1400,#566,.T.);
#1701=EDGE_CURVE('',#1400,#1397,#567,.T.);
#1702=EDGE_CURVE('',#1401,#1398,#568,.T.);
#1703=EDGE_CURVE('',#1401,#1402,#569,.T.);
#1704=EDGE_CURVE('',#1402,#1403,#570,.T.);
#1705=EDGE_CURVE('',#1403,#1404,#571,.T.);
#1706=EDGE_CURVE('',#1404,#1405,#572,.T.);
#1707=EDGE_CURVE('',#1405,#1406,#573,.T.);
#1708=EDGE_CURVE('',#1406,#1399,#574,.T.);
#1709=EDGE_CURVE('',#1407,#1397,#575,.T.);
#1710=EDGE_CURVE('',#1401,#1407,#576,.T.);
#1711=EDGE_CURVE('',#1408,#1400,#577,.T.);
#1712=EDGE_CURVE('',#1407,#1408,#578,.T.);
#1713=EDGE_CURVE('',#1408,#1406,#579,.T.);
#1714=EDGE_CURVE('',#1409,#1405,#580,.T.);
#1715=EDGE_CURVE('',#1410,#1409,#581,.T.);
#1716=EDGE_CURVE('',#1402,#1410,#582,.T.);
#1717=EDGE_CURVE('',#1411,#1404,#583,.T.);
#1718=EDGE_CURVE('',#1409,#1411,#584,.T.);
#1719=EDGE_CURVE('',#1412,#1410,#585,.T.);
#1720=EDGE_CURVE('',#1412,#1403,#586,.T.);
#1721=EDGE_CURVE('',#1411,#1412,#587,.T.);
#1722=EDGE_CURVE('',#1413,#1414,#588,.T.);
#1723=EDGE_CURVE('',#1415,#1413,#589,.T.);
#1724=EDGE_CURVE('',#1416,#1415,#590,.T.);
#1725=EDGE_CURVE('',#1414,#1416,#591,.T.);
#1726=EDGE_CURVE('',#1413,#1417,#592,.T.);
#1727=EDGE_CURVE('',#1418,#1417,#593,.T.);
#1728=EDGE_CURVE('',#1415,#1418,#594,.T.);
#1729=EDGE_CURVE('',#1414,#1419,#595,.T.);
#1730=EDGE_CURVE('',#1417,#1419,#596,.T.);
#1731=EDGE_CURVE('',#1420,#1418,#597,.T.);
#1732=EDGE_CURVE('',#1416,#1420,#598,.T.);
#1733=EDGE_CURVE('',#1419,#1420,#599,.T.);
#1734=EDGE_CURVE('',#1421,#1421,#1342,.T.);
#1735=EDGE_CURVE('',#1421,#1422,#600,.T.);
#1736=EDGE_CURVE('',#1422,#1422,#1343,.T.);
#1737=EDGE_CURVE('',#1423,#1424,#601,.T.);
#1738=EDGE_CURVE('',#1423,#1425,#602,.T.);
#1739=EDGE_CURVE('',#1426,#1425,#603,.T.);
#1740=EDGE_CURVE('',#1424,#1426,#604,.T.);
#1741=EDGE_CURVE('',#1427,#1428,#605,.T.);
#1742=EDGE_CURVE('',#1428,#1426,#606,.T.);
#1743=EDGE_CURVE('',#1425,#1427,#607,.T.);
#1744=EDGE_CURVE('',#1429,#1427,#608,.T.);
#1745=EDGE_CURVE('',#1430,#1429,#609,.T.);
#1746=EDGE_CURVE('',#1428,#1430,#610,.T.);
#1747=EDGE_CURVE('',#1423,#1431,#611,.T.);
#1748=EDGE_CURVE('',#1431,#1432,#612,.T.);
#1749=EDGE_CURVE('',#1433,#1432,#613,.T.);
#1750=EDGE_CURVE('',#1433,#1434,#614,.T.);
#1751=EDGE_CURVE('',#1434,#1429,#615,.T.);
#1752=EDGE_CURVE('',#1435,#1435,#1344,.T.);
#1753=EDGE_CURVE('',#1430,#1436,#616,.T.);
#1754=EDGE_CURVE('',#1436,#1437,#617,.T.);
#1755=EDGE_CURVE('',#1438,#1437,#618,.T.);
#1756=EDGE_CURVE('',#1438,#1439,#619,.T.);
#1757=EDGE_CURVE('',#1439,#1424,#620,.T.);
#1758=EDGE_CURVE('',#1435,#1440,#621,.T.);
#1759=EDGE_CURVE('',#1440,#1440,#1345,.T.);
#1760=EDGE_CURVE('',#1437,#1433,#622,.T.);
#1761=EDGE_CURVE('',#1434,#1436,#623,.T.);
#1762=EDGE_CURVE('',#1432,#1438,#624,.T.);
#1763=EDGE_CURVE('',#1439,#1431,#625,.T.);
#1764=EDGE_CURVE('',#1441,#1442,#1346,.T.);
#1765=EDGE_CURVE('',#1443,#1441,#626,.T.);
#1766=EDGE_CURVE('',#1443,#1444,#627,.T.);
#1767=EDGE_CURVE('',#1444,#1442,#628,.T.);
#1768=EDGE_CURVE('',#1442,#1445,#629,.T.);
#1769=EDGE_CURVE('',#1445,#1446,#1347,.T.);
#1770=EDGE_CURVE('',#1446,#1441,#630,.T.);
#1771=EDGE_CURVE('',#1447,#1446,#631,.T.);
#1772=EDGE_CURVE('',#1447,#1443,#632,.T.);
#1773=EDGE_CURVE('',#1448,#1445,#633,.T.);
#1774=EDGE_CURVE('',#1448,#1447,#634,.T.);
#1775=EDGE_CURVE('',#1444,#1448,#635,.T.);
#1776=EDGE_CURVE('',#1449,#1450,#636,.T.);
#1777=EDGE_CURVE('',#1450,#1451,#637,.T.);
#1778=EDGE_CURVE('',#1451,#1452,#638,.T.);
#1779=EDGE_CURVE('',#1452,#1449,#639,.T.);
#1780=EDGE_CURVE('',#1453,#1454,#640,.T.);
#1781=EDGE_CURVE('',#1455,#1453,#641,.T.);
#1782=EDGE_CURVE('',#1456,#1455,#642,.T.);
#1783=EDGE_CURVE('',#1454,#1456,#643,.T.);
#1784=EDGE_CURVE('',#1453,#1449,#644,.T.);
#1785=EDGE_CURVE('',#1455,#1452,#645,.T.);
#1786=EDGE_CURVE('',#1454,#1450,#646,.T.);
#1787=EDGE_CURVE('',#1456,#1451,#647,.T.);
#1788=EDGE_CURVE('',#1457,#1457,#1348,.T.);
#1789=EDGE_CURVE('',#1457,#1458,#648,.T.);
#1790=EDGE_CURVE('',#1458,#1458,#1349,.T.);
#1791=EDGE_CURVE('',#1459,#1460,#649,.T.);
#1792=EDGE_CURVE('',#1459,#1461,#650,.T.);
#1793=EDGE_CURVE('',#1462,#1461,#651,.T.);
#1794=EDGE_CURVE('',#1460,#1462,#652,.T.);
#1795=EDGE_CURVE('',#1463,#1464,#653,.T.);
#1796=EDGE_CURVE('',#1464,#1462,#654,.T.);
#1797=EDGE_CURVE('',#1461,#1463,#655,.T.);
#1798=EDGE_CURVE('',#1465,#1463,#656,.T.);
#1799=EDGE_CURVE('',#1466,#1465,#657,.T.);
#1800=EDGE_CURVE('',#1464,#1466,#658,.T.);
#1801=EDGE_CURVE('',#1459,#1467,#659,.T.);
#1802=EDGE_CURVE('',#1467,#1468,#660,.T.);
#1803=EDGE_CURVE('',#1469,#1468,#661,.T.);
#1804=EDGE_CURVE('',#1469,#1470,#662,.T.);
#1805=EDGE_CURVE('',#1470,#1465,#663,.T.);
#1806=EDGE_CURVE('',#1471,#1471,#1350,.T.);
#1807=EDGE_CURVE('',#1466,#1472,#664,.T.);
#1808=EDGE_CURVE('',#1472,#1473,#665,.T.);
#1809=EDGE_CURVE('',#1474,#1473,#666,.T.);
#1810=EDGE_CURVE('',#1474,#1475,#667,.T.);
#1811=EDGE_CURVE('',#1475,#1460,#668,.T.);
#1812=EDGE_CURVE('',#1471,#1476,#669,.T.);
#1813=EDGE_CURVE('',#1476,#1476,#1351,.T.);
#1814=EDGE_CURVE('',#1473,#1469,#670,.T.);
#1815=EDGE_CURVE('',#1470,#1472,#671,.T.);
#1816=EDGE_CURVE('',#1468,#1474,#672,.T.);
#1817=EDGE_CURVE('',#1475,#1467,#673,.T.);
#1818=EDGE_CURVE('',#1477,#1478,#674,.T.);
#1819=EDGE_CURVE('',#1479,#1477,#675,.T.);
#1820=EDGE_CURVE('',#1480,#1479,#676,.T.);
#1821=EDGE_CURVE('',#1478,#1480,#677,.T.);
#1822=EDGE_CURVE('',#1481,#1480,#678,.T.);
#1823=EDGE_CURVE('',#1482,#1481,#679,.T.);
#1824=EDGE_CURVE('',#1482,#1478,#680,.T.);
#1825=EDGE_CURVE('',#1483,#1479,#681,.T.);
#1826=EDGE_CURVE('',#1481,#1483,#682,.T.);
#1827=EDGE_CURVE('',#1484,#1482,#683,.T.);
#1828=EDGE_CURVE('',#1484,#1477,#684,.T.);
#1829=EDGE_CURVE('',#1485,#1486,#685,.T.);
#1830=EDGE_CURVE('',#1486,#1487,#686,.T.);
#1831=EDGE_CURVE('',#1487,#1488,#687,.T.);
#1832=EDGE_CURVE('',#1488,#1485,#688,.T.);
#1833=EDGE_CURVE('',#1489,#1490,#689,.T.);
#1834=EDGE_CURVE('',#1490,#1491,#690,.T.);
#1835=EDGE_CURVE('',#1491,#1492,#691,.T.);
#1836=EDGE_CURVE('',#1492,#1489,#692,.T.);
#1837=EDGE_CURVE('',#1493,#1494,#693,.T.);
#1838=EDGE_CURVE('',#1494,#1495,#694,.T.);
#1839=EDGE_CURVE('',#1495,#1496,#695,.T.);
#1840=EDGE_CURVE('',#1496,#1493,#696,.T.);
#1841=EDGE_CURVE('',#1497,#1483,#697,.T.);
#1842=EDGE_CURVE('',#1498,#1497,#698,.T.);
#1843=EDGE_CURVE('',#1499,#1498,#699,.T.);
#1844=EDGE_CURVE('',#1500,#1499,#700,.T.);
#1845=EDGE_CURVE('',#1484,#1500,#701,.T.);
#1846=EDGE_CURVE('',#1501,#1498,#702,.T.);
#1847=EDGE_CURVE('',#1501,#1502,#703,.T.);
#1848=EDGE_CURVE('',#1502,#1499,#704,.T.);
#1849=EDGE_CURVE('',#1497,#1494,#705,.T.);
#1850=EDGE_CURVE('',#1503,#1493,#706,.T.);
#1851=EDGE_CURVE('',#1503,#1501,#707,.T.);
#1852=EDGE_CURVE('',#1504,#1505,#708,.T.);
#1853=EDGE_CURVE('',#1504,#1485,#709,.T.);
#1854=EDGE_CURVE('',#1505,#1488,#710,.T.);
#1855=EDGE_CURVE('',#1506,#1504,#711,.T.);
#1856=EDGE_CURVE('',#1506,#1486,#712,.T.);
#1857=EDGE_CURVE('',#1507,#1508,#713,.T.);
#1858=EDGE_CURVE('',#1507,#1492,#714,.T.);
#1859=EDGE_CURVE('',#1508,#1491,#715,.T.);
#1860=EDGE_CURVE('',#1508,#1509,#716,.T.);
#1861=EDGE_CURVE('',#1509,#1490,#717,.T.);
#1862=EDGE_CURVE('',#1510,#1507,#718,.T.);
#1863=EDGE_CURVE('',#1510,#1489,#719,.T.);
#1864=EDGE_CURVE('',#1503,#1511,#720,.T.);
#1865=EDGE_CURVE('',#1511,#1496,#721,.T.);
#1866=EDGE_CURVE('',#1511,#1512,#722,.T.);
#1867=EDGE_CURVE('',#1512,#1495,#723,.T.);
#1868=EDGE_CURVE('',#1500,#1487,#724,.T.);
#1869=EDGE_CURVE('',#1506,#1509,#725,.T.);
#1870=EDGE_CURVE('',#1510,#1512,#726,.T.);
#1871=EDGE_CURVE('',#1502,#1505,#727,.T.);
#1872=EDGE_CURVE('',#1513,#1514,#728,.T.);
#1873=EDGE_CURVE('',#1515,#1513,#729,.T.);
#1874=EDGE_CURVE('',#1516,#1515,#730,.T.);
#1875=EDGE_CURVE('',#1516,#1514,#731,.T.);
#1876=EDGE_CURVE('',#1517,#1518,#732,.T.);
#1877=EDGE_CURVE('',#1519,#1517,#733,.T.);
#1878=EDGE_CURVE('',#1520,#1519,#734,.T.);
#1879=EDGE_CURVE('',#1520,#1518,#735,.T.);
#1880=EDGE_CURVE('',#1521,#1522,#736,.T.);
#1881=EDGE_CURVE('',#1521,#1523,#737,.T.);
#1882=EDGE_CURVE('',#1524,#1523,#738,.T.);
#1883=EDGE_CURVE('',#1522,#1524,#739,.T.);
#1884=EDGE_CURVE('',#1525,#1526,#740,.T.);
#1885=EDGE_CURVE('',#1525,#1527,#741,.T.);
#1886=EDGE_CURVE('',#1528,#1527,#742,.T.);
#1887=EDGE_CURVE('',#1526,#1528,#743,.T.);
#1888=EDGE_CURVE('',#1529,#1515,#744,.T.);
#1889=EDGE_CURVE('',#1530,#1529,#745,.T.);
#1890=EDGE_CURVE('',#1530,#1516,#746,.T.);
#1891=EDGE_CURVE('',#1531,#1526,#747,.T.);
#1892=EDGE_CURVE('',#1532,#1531,#748,.T.);
#1893=EDGE_CURVE('',#1532,#1525,#749,.T.);
#1894=EDGE_CURVE('',#1518,#1533,#750,.T.);
#1895=EDGE_CURVE('',#1533,#1534,#751,.T.);
#1896=EDGE_CURVE('',#1517,#1534,#752,.T.);
#1897=EDGE_CURVE('',#1523,#1535,#753,.T.);
#1898=EDGE_CURVE('',#1535,#1536,#754,.T.);
#1899=EDGE_CURVE('',#1536,#1524,#755,.T.);
#1900=EDGE_CURVE('',#1537,#1538,#756,.T.);
#1901=EDGE_CURVE('',#1538,#1539,#757,.T.);
#1902=EDGE_CURVE('',#1539,#1540,#758,.T.);
#1903=EDGE_CURVE('',#1540,#1537,#759,.T.);
#1904=EDGE_CURVE('',#1527,#1541,#760,.T.);
#1905=EDGE_CURVE('',#1541,#1542,#761,.T.);
#1906=EDGE_CURVE('',#1542,#1528,#762,.T.);
#1907=EDGE_CURVE('',#1534,#1543,#763,.T.);
#1908=EDGE_CURVE('',#1522,#1543,#764,.T.);
#1909=EDGE_CURVE('',#1536,#1544,#765,.T.);
#1910=EDGE_CURVE('',#1545,#1544,#766,.T.);
#1911=EDGE_CURVE('',#1546,#1545,#767,.T.);
#1912=EDGE_CURVE('',#1547,#1546,#768,.T.);
#1913=EDGE_CURVE('',#1548,#1547,#769,.T.);
#1914=EDGE_CURVE('',#1549,#1548,#770,.T.);
#1915=EDGE_CURVE('',#1550,#1549,#771,.T.);
#1916=EDGE_CURVE('',#1550,#1551,#772,.T.);
#1917=EDGE_CURVE('',#1551,#1552,#773,.T.);
#1918=EDGE_CURVE('',#1519,#1552,#774,.T.);
#1919=EDGE_CURVE('',#1553,#1530,#775,.T.);
#1920=EDGE_CURVE('',#1553,#1514,#776,.T.);
#1921=EDGE_CURVE('',#1541,#1532,#777,.T.);
#1922=EDGE_CURVE('',#1554,#1554,#1352,.T.);
#1923=EDGE_CURVE('',#1554,#1555,#778,.T.);
#1924=EDGE_CURVE('',#1555,#1555,#1353,.T.);
#1925=EDGE_CURVE('',#1556,#1557,#779,.T.);
#1926=EDGE_CURVE('',#1557,#1556,#1354,.T.);
#1927=EDGE_CURVE('',#1558,#1558,#1355,.T.);
#1928=EDGE_CURVE('',#1558,#1559,#780,.T.);
#1929=EDGE_CURVE('',#1560,#1559,#1356,.T.);
#1930=EDGE_CURVE('',#1557,#1560,#781,.T.);
#1931=EDGE_CURVE('',#1561,#1556,#782,.T.);
#1932=EDGE_CURVE('',#1559,#1561,#1357,.T.);
#1933=EDGE_CURVE('',#1549,#1560,#783,.T.);
#1934=EDGE_CURVE('',#1562,#1548,#784,.T.);
#1935=EDGE_CURVE('',#1563,#1562,#1358,.T.);
#1936=EDGE_CURVE('',#1563,#1564,#785,.T.);
#1937=EDGE_CURVE('',#1565,#1564,#1359,.T.);
#1938=EDGE_CURVE('',#1565,#1566,#786,.T.);
#1939=EDGE_CURVE('',#1567,#1566,#787,.T.);
#1940=EDGE_CURVE('',#1561,#1567,#788,.T.);
#1941=EDGE_CURVE('',#1568,#1533,#789,.T.);
#1942=EDGE_CURVE('',#1543,#1568,#790,.T.);
#1943=EDGE_CURVE('',#1569,#1535,#791,.T.);
#1944=EDGE_CURVE('',#1544,#1569,#792,.T.);
#1945=EDGE_CURVE('',#1570,#1551,#793,.T.);
#1946=EDGE_CURVE('',#1571,#1570,#794,.T.);
#1947=EDGE_CURVE('',#1552,#1571,#795,.T.);
#1948=EDGE_CURVE('',#1521,#1568,#796,.T.);
#1949=EDGE_CURVE('',#1572,#1569,#797,.T.);
#1950=EDGE_CURVE('',#1545,#1572,#798,.T.);
#1951=EDGE_CURVE('',#1573,#1574,#799,.T.);
#1952=EDGE_CURVE('',#1574,#1575,#800,.T.);
#1953=EDGE_CURVE('',#1575,#1576,#801,.T.);
#1954=EDGE_CURVE('',#1576,#1573,#802,.T.);
#1955=EDGE_CURVE('',#1520,#1571,#803,.T.);
#1956=EDGE_CURVE('',#1570,#1577,#804,.T.);
#1957=EDGE_CURVE('',#1577,#1567,#805,.T.);
#1958=EDGE_CURVE('',#1566,#1578,#806,.T.);
#1959=EDGE_CURVE('',#1578,#1579,#807,.T.);
#1960=EDGE_CURVE('',#1579,#1572,#808,.T.);
#1961=EDGE_CURVE('',#1580,#1513,#809,.T.);
#1962=EDGE_CURVE('',#1580,#1529,#810,.T.);
#1963=EDGE_CURVE('',#1542,#1531,#811,.T.);
#1964=EDGE_CURVE('',#1581,#1563,#812,.T.);
#1965=EDGE_CURVE('',#1582,#1581,#813,.T.);
#1966=EDGE_CURVE('',#1564,#1582,#814,.T.);
#1967=EDGE_CURVE('',#1582,#1583,#1360,.T.);
#1968=EDGE_CURVE('',#1583,#1565,#815,.T.);
#1969=EDGE_CURVE('',#1577,#1550,#816,.T.);
#1970=EDGE_CURVE('',#1576,#1539,#817,.T.);
#1971=EDGE_CURVE('',#1575,#1540,#818,.T.);
#1972=EDGE_CURVE('',#1574,#1537,#819,.T.);
#1973=EDGE_CURVE('',#1573,#1538,#820,.T.);
#1974=EDGE_CURVE('',#1580,#1553,#821,.T.);
#1975=EDGE_CURVE('',#1584,#1547,#822,.T.);
#1976=EDGE_CURVE('',#1562,#1584,#823,.T.);
#1977=EDGE_CURVE('',#1583,#1578,#824,.T.);
#1978=EDGE_CURVE('',#1584,#1581,#1361,.T.);
#1979=EDGE_CURVE('',#1546,#1579,#825,.T.);
#1980=EDGE_CURVE('',#1585,#1586,#826,.T.);
#1981=EDGE_CURVE('',#1586,#1587,#827,.T.);
#1982=EDGE_CURVE('',#1588,#1587,#828,.T.);
#1983=EDGE_CURVE('',#1585,#1588,#829,.T.);
#1984=EDGE_CURVE('',#1589,#1585,#830,.T.);
#1985=EDGE_CURVE('',#1590,#1588,#831,.T.);
#1986=EDGE_CURVE('',#1589,#1590,#832,.T.);
#1987=EDGE_CURVE('',#1591,#1589,#833,.T.);
#1988=EDGE_CURVE('',#1592,#1590,#834,.T.);
#1989=EDGE_CURVE('',#1591,#1592,#835,.T.);
#1990=EDGE_CURVE('',#1586,#1591,#836,.T.);
#1991=EDGE_CURVE('',#1587,#1592,#837,.T.);
#1992=EDGE_CURVE('',#1593,#1594,#838,.T.);
#1993=EDGE_CURVE('',#1595,#1593,#839,.T.);
#1994=EDGE_CURVE('',#1596,#1595,#840,.T.);
#1995=EDGE_CURVE('',#1596,#1594,#841,.T.);
#1996=EDGE_CURVE('',#1594,#1597,#842,.T.);
#1997=EDGE_CURVE('',#1598,#1596,#843,.T.);
#1998=EDGE_CURVE('',#1598,#1597,#844,.T.);
#1999=EDGE_CURVE('',#1597,#1599,#845,.T.);
#2000=EDGE_CURVE('',#1600,#1598,#846,.T.);
#2001=EDGE_CURVE('',#1600,#1599,#847,.T.);
#2002=EDGE_CURVE('',#1599,#1593,#848,.T.);
#2003=EDGE_CURVE('',#1595,#1600,#849,.T.);
#2004=EDGE_CURVE('',#1601,#1602,#850,.T.);
#2005=EDGE_CURVE('',#1603,#1601,#1362,.T.);
#2006=EDGE_CURVE('',#1604,#1603,#851,.T.);
#2007=EDGE_CURVE('',#1605,#1604,#1363,.T.);
#2008=EDGE_CURVE('',#1606,#1605,#852,.T.);
#2009=EDGE_CURVE('',#1602,#1606,#1364,.T.);
#2010=EDGE_CURVE('',#1607,#1608,#1365,.T.);
#2011=EDGE_CURVE('',#1609,#1607,#853,.T.);
#2012=EDGE_CURVE('',#1610,#1609,#1366,.T.);
#2013=EDGE_CURVE('',#1608,#1610,#854,.T.);
#2014=EDGE_CURVE('',#1611,#1607,#855,.T.);
#2015=EDGE_CURVE('',#1612,#1611,#856,.T.);
#2016=EDGE_CURVE('',#1609,#1612,#857,.T.);
#2017=EDGE_CURVE('',#1608,#1613,#858,.T.);
#2018=EDGE_CURVE('',#1611,#1613,#1367,.T.);
#2019=EDGE_CURVE('',#1614,#1603,#859,.T.);
#2020=EDGE_CURVE('',#1614,#1615,#860,.T.);
#2021=EDGE_CURVE('',#1604,#1615,#861,.T.);
#2022=EDGE_CURVE('',#1601,#1616,#862,.T.);
#2023=EDGE_CURVE('',#1616,#1617,#1368,.T.);
#2024=EDGE_CURVE('',#1618,#1617,#863,.T.);
#2025=EDGE_CURVE('',#1619,#1618,#20,.F.);
#2026=EDGE_CURVE('',#1619,#1620,#1369,.T.);
#2027=EDGE_CURVE('',#1620,#1621,#1370,.T.);
#2028=EDGE_CURVE('',#1622,#1621,#21,.F.);
#2029=EDGE_CURVE('',#1623,#1622,#864,.T.);
#2030=EDGE_CURVE('',#1623,#1614,#1371,.T.);
#2031=EDGE_CURVE('',#1624,#1602,#865,.T.);
#2032=EDGE_CURVE('',#1624,#1616,#866,.T.);
#2033=EDGE_CURVE('',#1625,#1626,#867,.T.);
#2034=EDGE_CURVE('',#1627,#1625,#868,.T.);
#2035=EDGE_CURVE('',#1628,#1627,#869,.T.);
#2036=EDGE_CURVE('',#1628,#1626,#870,.T.);
#2037=EDGE_CURVE('',#1629,#1630,#871,.T.);
#2038=EDGE_CURVE('',#1631,#1629,#872,.T.);
#2039=EDGE_CURVE('',#1632,#1631,#873,.T.);
#2040=EDGE_CURVE('',#1632,#1630,#874,.T.);
#2041=EDGE_CURVE('',#1633,#1625,#875,.T.);
#2042=EDGE_CURVE('',#1634,#1633,#876,.T.);
#2043=EDGE_CURVE('',#1627,#1634,#877,.T.);
#2044=EDGE_CURVE('',#1626,#1635,#878,.T.);
#2045=EDGE_CURVE('',#1636,#1628,#879,.T.);
#2046=EDGE_CURVE('',#1636,#1635,#880,.T.);
#2047=EDGE_CURVE('',#1630,#1637,#881,.T.);
#2048=EDGE_CURVE('',#1638,#1632,#882,.T.);
#2049=EDGE_CURVE('',#1638,#1637,#883,.T.);
#2050=EDGE_CURVE('',#1635,#1633,#884,.T.);
#2051=EDGE_CURVE('',#1634,#1636,#885,.T.);
#2052=EDGE_CURVE('',#1637,#1639,#886,.T.);
#2053=EDGE_CURVE('',#1640,#1638,#887,.T.);
#2054=EDGE_CURVE('',#1640,#1639,#888,.T.);
#2055=EDGE_CURVE('',#1639,#1629,#889,.T.);
#2056=EDGE_CURVE('',#1631,#1640,#890,.T.);
#2057=EDGE_CURVE('',#1641,#1624,#1372,.T.);
#2058=EDGE_CURVE('',#1617,#1641,#891,.T.);
#2059=EDGE_CURVE('',#1642,#1623,#892,.T.);
#2060=EDGE_CURVE('',#1615,#1642,#1373,.T.);
#2061=EDGE_CURVE('',#1641,#1643,#893,.T.);
#2062=EDGE_CURVE('',#1644,#1643,#894,.T.);
#2063=EDGE_CURVE('',#1644,#1645,#895,.T.);
#2064=EDGE_CURVE('',#1646,#1645,#896,.T.);
#2065=EDGE_CURVE('',#1647,#1646,#897,.T.);
#2066=EDGE_CURVE('',#1618,#1647,#898,.T.);
#2067=EDGE_CURVE('',#1648,#1606,#899,.T.);
#2068=EDGE_CURVE('',#1648,#1649,#1374,.T.);
#2069=EDGE_CURVE('',#1643,#1649,#22,.F.);
#2070=EDGE_CURVE('',#1650,#1622,#900,.T.);
#2071=EDGE_CURVE('',#1651,#1650,#901,.T.);
#2072=EDGE_CURVE('',#1652,#1651,#902,.T.);
#2073=EDGE_CURVE('',#1653,#1652,#903,.T.);
#2074=EDGE_CURVE('',#1654,#1653,#904,.T.);
#2075=EDGE_CURVE('',#1654,#1642,#905,.T.);
#2076=EDGE_CURVE('',#1655,#1612,#1375,.T.);
#2077=EDGE_CURVE('',#1655,#1610,#906,.T.);
#2078=EDGE_CURVE('',#1613,#1655,#907,.T.);
#2079=EDGE_CURVE('',#1656,#1644,#1376,.T.);
#2080=EDGE_CURVE('',#1649,#1656,#908,.T.);
#2081=EDGE_CURVE('',#1656,#1648,#909,.T.);
#2082=EDGE_CURVE('',#1647,#1657,#1377,.T.);
#2083=EDGE_CURVE('',#1657,#1619,#910,.T.);
#2084=EDGE_CURVE('',#1658,#1650,#1378,.T.);
#2085=EDGE_CURVE('',#1621,#1658,#911,.T.);
#2086=EDGE_CURVE('',#1658,#1620,#912,.T.);
#2087=EDGE_CURVE('',#1653,#1659,#1379,.T.);
#2088=EDGE_CURVE('',#1659,#1660,#913,.T.);
#2089=EDGE_CURVE('',#1660,#1654,#23,.F.);
#2090=EDGE_CURVE('',#1620,#1657,#914,.T.);
#2091=EDGE_CURVE('',#1660,#1661,#1380,.T.);
#2092=EDGE_CURVE('',#1605,#1661,#915,.T.);
#2093=EDGE_CURVE('',#1661,#1659,#916,.T.);
#2094=EDGE_CURVE('',#1645,#1652,#917,.T.);
#2095=EDGE_CURVE('',#1662,#1663,#918,.T.);
#2096=EDGE_CURVE('',#1664,#1662,#919,.T.);
#2097=EDGE_CURVE('',#1665,#1664,#920,.T.);
#2098=EDGE_CURVE('',#1663,#1665,#921,.T.);
#2099=EDGE_CURVE('',#1662,#1666,#922,.F.);
#2100=EDGE_CURVE('',#1666,#1667,#923,.F.);
#2101=EDGE_CURVE('',#1664,#1667,#924,.F.);
#2102=EDGE_CURVE('',#1663,#1668,#925,.F.);
#2103=EDGE_CURVE('',#1668,#1666,#926,.F.);
#2104=EDGE_CURVE('',#1667,#1669,#927,.F.);
#2105=EDGE_CURVE('',#1669,#1665,#928,.T.);
#2106=EDGE_CURVE('',#1669,#1668,#929,.F.);
#2107=EDGE_CURVE('',#1651,#1646,#930,.T.);
#2108=EDGE_CURVE('',#1670,#1671,#1381,.T.);
#2109=EDGE_CURVE('',#1671,#1672,#931,.T.);
#2110=EDGE_CURVE('',#1672,#1673,#1382,.T.);
#2111=EDGE_CURVE('',#1673,#1670,#932,.T.);
#2112=EDGE_CURVE('',#1670,#1674,#933,.T.);
#2113=EDGE_CURVE('',#1675,#1674,#1383,.T.);
#2114=EDGE_CURVE('',#1675,#1676,#934,.T.);
#2115=EDGE_CURVE('',#1677,#1676,#1384,.T.);
#2116=EDGE_CURVE('',#1677,#1678,#935,.T.);
#2117=EDGE_CURVE('',#1679,#1678,#1385,.T.);
#2118=EDGE_CURVE('',#1679,#1671,#936,.T.);
#2119=EDGE_CURVE('',#1673,#1680,#937,.T.);
#2120=EDGE_CURVE('',#1674,#1680,#938,.T.);
#2121=EDGE_CURVE('',#1680,#1681,#1386,.T.);
#2122=EDGE_CURVE('',#1681,#1675,#939,.T.);
#2123=EDGE_CURVE('',#1678,#1682,#940,.T.);
#2124=EDGE_CURVE('',#1682,#1683,#1387,.T.);
#2125=EDGE_CURVE('',#1683,#1679,#941,.T.);
#2126=EDGE_CURVE('',#1684,#1677,#942,.T.);
#2127=EDGE_CURVE('',#1684,#1682,#943,.T.);
#2128=EDGE_CURVE('',#1676,#1685,#944,.T.);
#2129=EDGE_CURVE('',#1685,#1684,#1388,.T.);
#2130=EDGE_CURVE('',#1681,#1685,#945,.T.);
#2131=EDGE_CURVE('',#1683,#1672,#946,.T.);
#2132=ORIENTED_EDGE('',*,*,#1686,.F.);
#2133=ORIENTED_EDGE('',*,*,#1687,.F.);
#2134=ORIENTED_EDGE('',*,*,#1688,.T.);
#2135=ORIENTED_EDGE('',*,*,#1689,.T.);
#2136=ORIENTED_EDGE('',*,*,#1686,.T.);
#2137=ORIENTED_EDGE('',*,*,#1690,.T.);
#2138=ORIENTED_EDGE('',*,*,#1691,.T.);
#2139=ORIENTED_EDGE('',*,*,#1692,.T.);
#2140=ORIENTED_EDGE('',*,*,#1692,.F.);
#2141=ORIENTED_EDGE('',*,*,#1693,.F.);
#2142=ORIENTED_EDGE('',*,*,#1694,.T.);
#2143=ORIENTED_EDGE('',*,*,#1687,.T.);
#2144=ORIENTED_EDGE('',*,*,#1691,.F.);
#2145=ORIENTED_EDGE('',*,*,#1695,.F.);
#2146=ORIENTED_EDGE('',*,*,#1696,.T.);
#2147=ORIENTED_EDGE('',*,*,#1693,.T.);
#2148=ORIENTED_EDGE('',*,*,#1690,.F.);
#2149=ORIENTED_EDGE('',*,*,#1689,.F.);
#2150=ORIENTED_EDGE('',*,*,#1697,.T.);
#2151=ORIENTED_EDGE('',*,*,#1695,.T.);
#2152=ORIENTED_EDGE('',*,*,#1697,.F.);
#2153=ORIENTED_EDGE('',*,*,#1688,.F.);
#2154=ORIENTED_EDGE('',*,*,#1694,.F.);
#2155=ORIENTED_EDGE('',*,*,#1696,.F.);
#2156=ORIENTED_EDGE('',*,*,#1698,.T.);
#2157=ORIENTED_EDGE('',*,*,#1699,.T.);
#2158=ORIENTED_EDGE('',*,*,#1700,.T.);
#2159=ORIENTED_EDGE('',*,*,#1701,.T.);
#2160=ORIENTED_EDGE('',*,*,#1702,.F.);
#2161=ORIENTED_EDGE('',*,*,#1703,.T.);
#2162=ORIENTED_EDGE('',*,*,#1704,.T.);
#2163=ORIENTED_EDGE('',*,*,#1705,.T.);
#2164=ORIENTED_EDGE('',*,*,#1706,.T.);
#2165=ORIENTED_EDGE('',*,*,#1707,.T.);
#2166=ORIENTED_EDGE('',*,*,#1708,.T.);
#2167=ORIENTED_EDGE('',*,*,#1699,.F.);
#2168=ORIENTED_EDGE('',*,*,#1709,.F.);
#2169=ORIENTED_EDGE('',*,*,#1710,.F.);
#2170=ORIENTED_EDGE('',*,*,#1702,.T.);
#2171=ORIENTED_EDGE('',*,*,#1698,.F.);
#2172=ORIENTED_EDGE('',*,*,#1711,.F.);
#2173=ORIENTED_EDGE('',*,*,#1712,.F.);
#2174=ORIENTED_EDGE('',*,*,#1709,.T.);
#2175=ORIENTED_EDGE('',*,*,#1701,.F.);
#2176=ORIENTED_EDGE('',*,*,#1708,.F.);
#2177=ORIENTED_EDGE('',*,*,#1713,.F.);
#2178=ORIENTED_EDGE('',*,*,#1711,.T.);
#2179=ORIENTED_EDGE('',*,*,#1700,.F.);
#2180=ORIENTED_EDGE('',*,*,#1713,.T.);
#2181=ORIENTED_EDGE('',*,*,#1707,.F.);
#2182=ORIENTED_EDGE('',*,*,#1714,.F.);
#2183=ORIENTED_EDGE('',*,*,#1715,.F.);
#2184=ORIENTED_EDGE('',*,*,#1716,.F.);
#2185=ORIENTED_EDGE('',*,*,#1703,.F.);
#2186=ORIENTED_EDGE('',*,*,#1710,.T.);
#2187=ORIENTED_EDGE('',*,*,#1712,.T.);
#2188=ORIENTED_EDGE('',*,*,#1714,.T.);
#2189=ORIENTED_EDGE('',*,*,#1706,.F.);
#2190=ORIENTED_EDGE('',*,*,#1717,.F.);
#2191=ORIENTED_EDGE('',*,*,#1718,.F.);
#2192=ORIENTED_EDGE('',*,*,#1716,.T.);
#2193=ORIENTED_EDGE('',*,*,#1719,.F.);
#2194=ORIENTED_EDGE('',*,*,#1720,.T.);
#2195=ORIENTED_EDGE('',*,*,#1704,.F.);
#2196=ORIENTED_EDGE('',*,*,#1721,.F.);
#2197=ORIENTED_EDGE('',*,*,#1717,.T.);
#2198=ORIENTED_EDGE('',*,*,#1705,.F.);
#2199=ORIENTED_EDGE('',*,*,#1720,.F.);
#2200=ORIENTED_EDGE('',*,*,#1715,.T.);
#2201=ORIENTED_EDGE('',*,*,#1718,.T.);
#2202=ORIENTED_EDGE('',*,*,#1721,.T.);
#2203=ORIENTED_EDGE('',*,*,#1719,.T.);
#2204=ORIENTED_EDGE('',*,*,#1722,.F.);
#2205=ORIENTED_EDGE('',*,*,#1723,.F.);
#2206=ORIENTED_EDGE('',*,*,#1724,.F.);
#2207=ORIENTED_EDGE('',*,*,#1725,.F.);
#2208=ORIENTED_EDGE('',*,*,#1723,.T.);
#2209=ORIENTED_EDGE('',*,*,#1726,.T.);
#2210=ORIENTED_EDGE('',*,*,#1727,.F.);
#2211=ORIENTED_EDGE('',*,*,#1728,.F.);
#2212=ORIENTED_EDGE('',*,*,#1722,.T.);
#2213=ORIENTED_EDGE('',*,*,#1729,.T.);
#2214=ORIENTED_EDGE('',*,*,#1730,.F.);
#2215=ORIENTED_EDGE('',*,*,#1726,.F.);
#2216=ORIENTED_EDGE('',*,*,#1724,.T.);
#2217=ORIENTED_EDGE('',*,*,#1728,.T.);
#2218=ORIENTED_EDGE('',*,*,#1731,.F.);
#2219=ORIENTED_EDGE('',*,*,#1732,.F.);
#2220=ORIENTED_EDGE('',*,*,#1725,.T.);
#2221=ORIENTED_EDGE('',*,*,#1732,.T.);
#2222=ORIENTED_EDGE('',*,*,#1733,.F.);
#2223=ORIENTED_EDGE('',*,*,#1729,.F.);
#2224=ORIENTED_EDGE('',*,*,#1730,.T.);
#2225=ORIENTED_EDGE('',*,*,#1733,.T.);
#2226=ORIENTED_EDGE('',*,*,#1731,.T.);
#2227=ORIENTED_EDGE('',*,*,#1727,.T.);
#2228=ORIENTED_EDGE('',*,*,#1734,.F.);
#2229=ORIENTED_EDGE('',*,*,#1735,.T.);
#2230=ORIENTED_EDGE('',*,*,#1736,.F.);
#2231=ORIENTED_EDGE('',*,*,#1735,.F.);
#2232=ORIENTED_EDGE('',*,*,#1736,.T.);
#2233=ORIENTED_EDGE('',*,*,#1734,.T.);
#2234=ORIENTED_EDGE('',*,*,#1737,.F.);
#2235=ORIENTED_EDGE('',*,*,#1738,.T.);
#2236=ORIENTED_EDGE('',*,*,#1739,.F.);
#2237=ORIENTED_EDGE('',*,*,#1740,.F.);
#2238=ORIENTED_EDGE('',*,*,#1741,.T.);
#2239=ORIENTED_EDGE('',*,*,#1742,.T.);
#2240=ORIENTED_EDGE('',*,*,#1739,.T.);
#2241=ORIENTED_EDGE('',*,*,#1743,.T.);
#2242=ORIENTED_EDGE('',*,*,#1744,.F.);
#2243=ORIENTED_EDGE('',*,*,#1745,.F.);
#2244=ORIENTED_EDGE('',*,*,#1746,.F.);
#2245=ORIENTED_EDGE('',*,*,#1741,.F.);
#2246=ORIENTED_EDGE('',*,*,#1744,.T.);
#2247=ORIENTED_EDGE('',*,*,#1743,.F.);
#2248=ORIENTED_EDGE('',*,*,#1738,.F.);
#2249=ORIENTED_EDGE('',*,*,#1747,.T.);
#2250=ORIENTED_EDGE('',*,*,#1748,.T.);
#2251=ORIENTED_EDGE('',*,*,#1749,.F.);
#2252=ORIENTED_EDGE('',*,*,#1750,.T.);
#2253=ORIENTED_EDGE('',*,*,#1751,.T.);
#2254=ORIENTED_EDGE('',*,*,#1752,.T.);
#2255=ORIENTED_EDGE('',*,*,#1746,.T.);
#2256=ORIENTED_EDGE('',*,*,#1753,.T.);
#2257=ORIENTED_EDGE('',*,*,#1754,.T.);
#2258=ORIENTED_EDGE('',*,*,#1755,.F.);
#2259=ORIENTED_EDGE('',*,*,#1756,.T.);
#2260=ORIENTED_EDGE('',*,*,#1757,.T.);
#2261=ORIENTED_EDGE('',*,*,#1740,.T.);
#2262=ORIENTED_EDGE('',*,*,#1742,.F.);
#2263=ORIENTED_EDGE('',*,*,#1752,.F.);
#2264=ORIENTED_EDGE('',*,*,#1758,.T.);
#2265=ORIENTED_EDGE('',*,*,#1759,.T.);
#2266=ORIENTED_EDGE('',*,*,#1758,.F.);
#2267=ORIENTED_EDGE('',*,*,#1759,.F.);
#2268=ORIENTED_EDGE('',*,*,#1750,.F.);
#2269=ORIENTED_EDGE('',*,*,#1760,.F.);
#2270=ORIENTED_EDGE('',*,*,#1754,.F.);
#2271=ORIENTED_EDGE('',*,*,#1761,.F.);
#2272=ORIENTED_EDGE('',*,*,#1760,.T.);
#2273=ORIENTED_EDGE('',*,*,#1749,.T.);
#2274=ORIENTED_EDGE('',*,*,#1762,.T.);
#2275=ORIENTED_EDGE('',*,*,#1755,.T.);
#2276=ORIENTED_EDGE('',*,*,#1737,.T.);
#2277=ORIENTED_EDGE('',*,*,#1757,.F.);
#2278=ORIENTED_EDGE('',*,*,#1763,.T.);
#2279=ORIENTED_EDGE('',*,*,#1747,.F.);
#2280=ORIENTED_EDGE('',*,*,#1748,.F.);
#2281=ORIENTED_EDGE('',*,*,#1763,.F.);
#2282=ORIENTED_EDGE('',*,*,#1756,.F.);
#2283=ORIENTED_EDGE('',*,*,#1762,.F.);
#2284=ORIENTED_EDGE('',*,*,#1745,.T.);
#2285=ORIENTED_EDGE('',*,*,#1751,.F.);
#2286=ORIENTED_EDGE('',*,*,#1761,.T.);
#2287=ORIENTED_EDGE('',*,*,#1753,.F.);
#2288=ORIENTED_EDGE('',*,*,#1764,.F.);
#2289=ORIENTED_EDGE('',*,*,#1765,.F.);
#2290=ORIENTED_EDGE('',*,*,#1766,.T.);
#2291=ORIENTED_EDGE('',*,*,#1767,.T.);
#2292=ORIENTED_EDGE('',*,*,#1764,.T.);
#2293=ORIENTED_EDGE('',*,*,#1768,.T.);
#2294=ORIENTED_EDGE('',*,*,#1769,.T.);
#2295=ORIENTED_EDGE('',*,*,#1770,.T.);
#2296=ORIENTED_EDGE('',*,*,#1770,.F.);
#2297=ORIENTED_EDGE('',*,*,#1771,.F.);
#2298=ORIENTED_EDGE('',*,*,#1772,.T.);
#2299=ORIENTED_EDGE('',*,*,#1765,.T.);
#2300=ORIENTED_EDGE('',*,*,#1769,.F.);
#2301=ORIENTED_EDGE('',*,*,#1773,.F.);
#2302=ORIENTED_EDGE('',*,*,#1774,.T.);
#2303=ORIENTED_EDGE('',*,*,#1771,.T.);
#2304=ORIENTED_EDGE('',*,*,#1768,.F.);
#2305=ORIENTED_EDGE('',*,*,#1767,.F.);
#2306=ORIENTED_EDGE('',*,*,#1775,.T.);
#2307=ORIENTED_EDGE('',*,*,#1773,.T.);
#2308=ORIENTED_EDGE('',*,*,#1775,.F.);
#2309=ORIENTED_EDGE('',*,*,#1766,.F.);
#2310=ORIENTED_EDGE('',*,*,#1772,.F.);
#2311=ORIENTED_EDGE('',*,*,#1774,.F.);
#2312=ORIENTED_EDGE('',*,*,#1776,.T.);
#2313=ORIENTED_EDGE('',*,*,#1777,.T.);
#2314=ORIENTED_EDGE('',*,*,#1778,.T.);
#2315=ORIENTED_EDGE('',*,*,#1779,.T.);
#2316=ORIENTED_EDGE('',*,*,#1780,.F.);
#2317=ORIENTED_EDGE('',*,*,#1781,.F.);
#2318=ORIENTED_EDGE('',*,*,#1782,.F.);
#2319=ORIENTED_EDGE('',*,*,#1783,.F.);
#2320=ORIENTED_EDGE('',*,*,#1781,.T.);
#2321=ORIENTED_EDGE('',*,*,#1784,.T.);
#2322=ORIENTED_EDGE('',*,*,#1779,.F.);
#2323=ORIENTED_EDGE('',*,*,#1785,.F.);
#2324=ORIENTED_EDGE('',*,*,#1780,.T.);
#2325=ORIENTED_EDGE('',*,*,#1786,.T.);
#2326=ORIENTED_EDGE('',*,*,#1776,.F.);
#2327=ORIENTED_EDGE('',*,*,#1784,.F.);
#2328=ORIENTED_EDGE('',*,*,#1782,.T.);
#2329=ORIENTED_EDGE('',*,*,#1785,.T.);
#2330=ORIENTED_EDGE('',*,*,#1778,.F.);
#2331=ORIENTED_EDGE('',*,*,#1787,.F.);
#2332=ORIENTED_EDGE('',*,*,#1783,.T.);
#2333=ORIENTED_EDGE('',*,*,#1787,.T.);
#2334=ORIENTED_EDGE('',*,*,#1777,.F.);
#2335=ORIENTED_EDGE('',*,*,#1786,.F.);
#2336=ORIENTED_EDGE('',*,*,#1788,.F.);
#2337=ORIENTED_EDGE('',*,*,#1789,.T.);
#2338=ORIENTED_EDGE('',*,*,#1790,.F.);
#2339=ORIENTED_EDGE('',*,*,#1789,.F.);
#2340=ORIENTED_EDGE('',*,*,#1788,.T.);
#2341=ORIENTED_EDGE('',*,*,#1790,.T.);
#2342=ORIENTED_EDGE('',*,*,#1791,.F.);
#2343=ORIENTED_EDGE('',*,*,#1792,.T.);
#2344=ORIENTED_EDGE('',*,*,#1793,.F.);
#2345=ORIENTED_EDGE('',*,*,#1794,.F.);
#2346=ORIENTED_EDGE('',*,*,#1795,.T.);
#2347=ORIENTED_EDGE('',*,*,#1796,.T.);
#2348=ORIENTED_EDGE('',*,*,#1793,.T.);
#2349=ORIENTED_EDGE('',*,*,#1797,.T.);
#2350=ORIENTED_EDGE('',*,*,#1798,.F.);
#2351=ORIENTED_EDGE('',*,*,#1799,.F.);
#2352=ORIENTED_EDGE('',*,*,#1800,.F.);
#2353=ORIENTED_EDGE('',*,*,#1795,.F.);
#2354=ORIENTED_EDGE('',*,*,#1798,.T.);
#2355=ORIENTED_EDGE('',*,*,#1797,.F.);
#2356=ORIENTED_EDGE('',*,*,#1792,.F.);
#2357=ORIENTED_EDGE('',*,*,#1801,.T.);
#2358=ORIENTED_EDGE('',*,*,#1802,.T.);
#2359=ORIENTED_EDGE('',*,*,#1803,.F.);
#2360=ORIENTED_EDGE('',*,*,#1804,.T.);
#2361=ORIENTED_EDGE('',*,*,#1805,.T.);
#2362=ORIENTED_EDGE('',*,*,#1806,.T.);
#2363=ORIENTED_EDGE('',*,*,#1800,.T.);
#2364=ORIENTED_EDGE('',*,*,#1807,.T.);
#2365=ORIENTED_EDGE('',*,*,#1808,.T.);
#2366=ORIENTED_EDGE('',*,*,#1809,.F.);
#2367=ORIENTED_EDGE('',*,*,#1810,.T.);
#2368=ORIENTED_EDGE('',*,*,#1811,.T.);
#2369=ORIENTED_EDGE('',*,*,#1794,.T.);
#2370=ORIENTED_EDGE('',*,*,#1796,.F.);
#2371=ORIENTED_EDGE('',*,*,#1806,.F.);
#2372=ORIENTED_EDGE('',*,*,#1812,.T.);
#2373=ORIENTED_EDGE('',*,*,#1813,.T.);
#2374=ORIENTED_EDGE('',*,*,#1812,.F.);
#2375=ORIENTED_EDGE('',*,*,#1813,.F.);
#2376=ORIENTED_EDGE('',*,*,#1804,.F.);
#2377=ORIENTED_EDGE('',*,*,#1814,.F.);
#2378=ORIENTED_EDGE('',*,*,#1808,.F.);
#2379=ORIENTED_EDGE('',*,*,#1815,.F.);
#2380=ORIENTED_EDGE('',*,*,#1814,.T.);
#2381=ORIENTED_EDGE('',*,*,#1803,.T.);
#2382=ORIENTED_EDGE('',*,*,#1816,.T.);
#2383=ORIENTED_EDGE('',*,*,#1809,.T.);
#2384=ORIENTED_EDGE('',*,*,#1791,.T.);
#2385=ORIENTED_EDGE('',*,*,#1811,.F.);
#2386=ORIENTED_EDGE('',*,*,#1817,.T.);
#2387=ORIENTED_EDGE('',*,*,#1801,.F.);
#2388=ORIENTED_EDGE('',*,*,#1802,.F.);
#2389=ORIENTED_EDGE('',*,*,#1817,.F.);
#2390=ORIENTED_EDGE('',*,*,#1810,.F.);
#2391=ORIENTED_EDGE('',*,*,#1816,.F.);
#2392=ORIENTED_EDGE('',*,*,#1799,.T.);
#2393=ORIENTED_EDGE('',*,*,#1805,.F.);
#2394=ORIENTED_EDGE('',*,*,#1815,.T.);
#2395=ORIENTED_EDGE('',*,*,#1807,.F.);
#2396=ORIENTED_EDGE('',*,*,#1818,.F.);
#2397=ORIENTED_EDGE('',*,*,#1819,.F.);
#2398=ORIENTED_EDGE('',*,*,#1820,.F.);
#2399=ORIENTED_EDGE('',*,*,#1821,.F.);
#2400=ORIENTED_EDGE('',*,*,#1821,.T.);
#2401=ORIENTED_EDGE('',*,*,#1822,.F.);
#2402=ORIENTED_EDGE('',*,*,#1823,.F.);
#2403=ORIENTED_EDGE('',*,*,#1824,.T.);
#2404=ORIENTED_EDGE('',*,*,#1820,.T.);
#2405=ORIENTED_EDGE('',*,*,#1825,.F.);
#2406=ORIENTED_EDGE('',*,*,#1826,.F.);
#2407=ORIENTED_EDGE('',*,*,#1822,.T.);
#2408=ORIENTED_EDGE('',*,*,#1818,.T.);
#2409=ORIENTED_EDGE('',*,*,#1824,.F.);
#2410=ORIENTED_EDGE('',*,*,#1827,.F.);
#2411=ORIENTED_EDGE('',*,*,#1828,.T.);
#2412=ORIENTED_EDGE('',*,*,#1829,.T.);
#2413=ORIENTED_EDGE('',*,*,#1830,.T.);
#2414=ORIENTED_EDGE('',*,*,#1831,.T.);
#2415=ORIENTED_EDGE('',*,*,#1832,.T.);
#2416=ORIENTED_EDGE('',*,*,#1833,.T.);
#2417=ORIENTED_EDGE('',*,*,#1834,.T.);
#2418=ORIENTED_EDGE('',*,*,#1835,.T.);
#2419=ORIENTED_EDGE('',*,*,#1836,.T.);
#2420=ORIENTED_EDGE('',*,*,#1837,.T.);
#2421=ORIENTED_EDGE('',*,*,#1838,.T.);
#2422=ORIENTED_EDGE('',*,*,#1839,.T.);
#2423=ORIENTED_EDGE('',*,*,#1840,.T.);
#2424=ORIENTED_EDGE('',*,*,#1826,.T.);
#2425=ORIENTED_EDGE('',*,*,#1841,.F.);
#2426=ORIENTED_EDGE('',*,*,#1842,.F.);
#2427=ORIENTED_EDGE('',*,*,#1843,.F.);
#2428=ORIENTED_EDGE('',*,*,#1844,.F.);
#2429=ORIENTED_EDGE('',*,*,#1845,.F.);
#2430=ORIENTED_EDGE('',*,*,#1827,.T.);
#2431=ORIENTED_EDGE('',*,*,#1823,.T.);
#2432=ORIENTED_EDGE('',*,*,#1843,.T.);
#2433=ORIENTED_EDGE('',*,*,#1846,.F.);
#2434=ORIENTED_EDGE('',*,*,#1847,.T.);
#2435=ORIENTED_EDGE('',*,*,#1848,.T.);
#2436=ORIENTED_EDGE('',*,*,#1842,.T.);
#2437=ORIENTED_EDGE('',*,*,#1849,.T.);
#2438=ORIENTED_EDGE('',*,*,#1837,.F.);
#2439=ORIENTED_EDGE('',*,*,#1850,.F.);
#2440=ORIENTED_EDGE('',*,*,#1851,.T.);
#2441=ORIENTED_EDGE('',*,*,#1846,.T.);
#2442=ORIENTED_EDGE('',*,*,#1852,.F.);
#2443=ORIENTED_EDGE('',*,*,#1853,.T.);
#2444=ORIENTED_EDGE('',*,*,#1832,.F.);
#2445=ORIENTED_EDGE('',*,*,#1854,.F.);
#2446=ORIENTED_EDGE('',*,*,#1855,.F.);
#2447=ORIENTED_EDGE('',*,*,#1856,.T.);
#2448=ORIENTED_EDGE('',*,*,#1829,.F.);
#2449=ORIENTED_EDGE('',*,*,#1853,.F.);
#2450=ORIENTED_EDGE('',*,*,#1857,.F.);
#2451=ORIENTED_EDGE('',*,*,#1858,.T.);
#2452=ORIENTED_EDGE('',*,*,#1835,.F.);
#2453=ORIENTED_EDGE('',*,*,#1859,.F.);
#2454=ORIENTED_EDGE('',*,*,#1860,.F.);
#2455=ORIENTED_EDGE('',*,*,#1859,.T.);
#2456=ORIENTED_EDGE('',*,*,#1834,.F.);
#2457=ORIENTED_EDGE('',*,*,#1861,.F.);
#2458=ORIENTED_EDGE('',*,*,#1862,.F.);
#2459=ORIENTED_EDGE('',*,*,#1863,.T.);
#2460=ORIENTED_EDGE('',*,*,#1836,.F.);
#2461=ORIENTED_EDGE('',*,*,#1858,.F.);
#2462=ORIENTED_EDGE('',*,*,#1864,.F.);
#2463=ORIENTED_EDGE('',*,*,#1850,.T.);
#2464=ORIENTED_EDGE('',*,*,#1840,.F.);
#2465=ORIENTED_EDGE('',*,*,#1865,.F.);
#2466=ORIENTED_EDGE('',*,*,#1866,.F.);
#2467=ORIENTED_EDGE('',*,*,#1865,.T.);
#2468=ORIENTED_EDGE('',*,*,#1839,.F.);
#2469=ORIENTED_EDGE('',*,*,#1867,.F.);
#2470=ORIENTED_EDGE('',*,*,#1819,.T.);
#2471=ORIENTED_EDGE('',*,*,#1828,.F.);
#2472=ORIENTED_EDGE('',*,*,#1845,.T.);
#2473=ORIENTED_EDGE('',*,*,#1868,.T.);
#2474=ORIENTED_EDGE('',*,*,#1830,.F.);
#2475=ORIENTED_EDGE('',*,*,#1856,.F.);
#2476=ORIENTED_EDGE('',*,*,#1869,.T.);
#2477=ORIENTED_EDGE('',*,*,#1861,.T.);
#2478=ORIENTED_EDGE('',*,*,#1833,.F.);
#2479=ORIENTED_EDGE('',*,*,#1863,.F.);
#2480=ORIENTED_EDGE('',*,*,#1870,.T.);
#2481=ORIENTED_EDGE('',*,*,#1867,.T.);
#2482=ORIENTED_EDGE('',*,*,#1838,.F.);
#2483=ORIENTED_EDGE('',*,*,#1849,.F.);
#2484=ORIENTED_EDGE('',*,*,#1841,.T.);
#2485=ORIENTED_EDGE('',*,*,#1825,.T.);
#2486=ORIENTED_EDGE('',*,*,#1844,.T.);
#2487=ORIENTED_EDGE('',*,*,#1848,.F.);
#2488=ORIENTED_EDGE('',*,*,#1871,.T.);
#2489=ORIENTED_EDGE('',*,*,#1854,.T.);
#2490=ORIENTED_EDGE('',*,*,#1831,.F.);
#2491=ORIENTED_EDGE('',*,*,#1868,.F.);
#2492=ORIENTED_EDGE('',*,*,#1857,.T.);
#2493=ORIENTED_EDGE('',*,*,#1860,.T.);
#2494=ORIENTED_EDGE('',*,*,#1869,.F.);
#2495=ORIENTED_EDGE('',*,*,#1855,.T.);
#2496=ORIENTED_EDGE('',*,*,#1852,.T.);
#2497=ORIENTED_EDGE('',*,*,#1871,.F.);
#2498=ORIENTED_EDGE('',*,*,#1847,.F.);
#2499=ORIENTED_EDGE('',*,*,#1851,.F.);
#2500=ORIENTED_EDGE('',*,*,#1864,.T.);
#2501=ORIENTED_EDGE('',*,*,#1866,.T.);
#2502=ORIENTED_EDGE('',*,*,#1870,.F.);
#2503=ORIENTED_EDGE('',*,*,#1862,.T.);
#2504=ORIENTED_EDGE('',*,*,#1872,.F.);
#2505=ORIENTED_EDGE('',*,*,#1873,.F.);
#2506=ORIENTED_EDGE('',*,*,#1874,.F.);
#2507=ORIENTED_EDGE('',*,*,#1875,.T.);
#2508=ORIENTED_EDGE('',*,*,#1876,.F.);
#2509=ORIENTED_EDGE('',*,*,#1877,.F.);
#2510=ORIENTED_EDGE('',*,*,#1878,.F.);
#2511=ORIENTED_EDGE('',*,*,#1879,.T.);
#2512=ORIENTED_EDGE('',*,*,#1880,.F.);
#2513=ORIENTED_EDGE('',*,*,#1881,.T.);
#2514=ORIENTED_EDGE('',*,*,#1882,.F.);
#2515=ORIENTED_EDGE('',*,*,#1883,.F.);
#2516=ORIENTED_EDGE('',*,*,#1884,.F.);
#2517=ORIENTED_EDGE('',*,*,#1885,.T.);
#2518=ORIENTED_EDGE('',*,*,#1886,.F.);
#2519=ORIENTED_EDGE('',*,*,#1887,.F.);
#2520=ORIENTED_EDGE('',*,*,#1874,.T.);
#2521=ORIENTED_EDGE('',*,*,#1888,.F.);
#2522=ORIENTED_EDGE('',*,*,#1889,.F.);
#2523=ORIENTED_EDGE('',*,*,#1890,.T.);
#2524=ORIENTED_EDGE('',*,*,#1884,.T.);
#2525=ORIENTED_EDGE('',*,*,#1891,.F.);
#2526=ORIENTED_EDGE('',*,*,#1892,.F.);
#2527=ORIENTED_EDGE('',*,*,#1893,.T.);
#2528=ORIENTED_EDGE('',*,*,#1876,.T.);
#2529=ORIENTED_EDGE('',*,*,#1894,.T.);
#2530=ORIENTED_EDGE('',*,*,#1895,.T.);
#2531=ORIENTED_EDGE('',*,*,#1896,.F.);
#2532=ORIENTED_EDGE('',*,*,#1882,.T.);
#2533=ORIENTED_EDGE('',*,*,#1897,.T.);
#2534=ORIENTED_EDGE('',*,*,#1898,.T.);
#2535=ORIENTED_EDGE('',*,*,#1899,.T.);
#2536=ORIENTED_EDGE('',*,*,#1900,.T.);
#2537=ORIENTED_EDGE('',*,*,#1901,.T.);
#2538=ORIENTED_EDGE('',*,*,#1902,.T.);
#2539=ORIENTED_EDGE('',*,*,#1903,.T.);
#2540=ORIENTED_EDGE('',*,*,#1886,.T.);
#2541=ORIENTED_EDGE('',*,*,#1904,.T.);
#2542=ORIENTED_EDGE('',*,*,#1905,.T.);
#2543=ORIENTED_EDGE('',*,*,#1906,.T.);
#2544=ORIENTED_EDGE('',*,*,#1877,.T.);
#2545=ORIENTED_EDGE('',*,*,#1896,.T.);
#2546=ORIENTED_EDGE('',*,*,#1907,.T.);
#2547=ORIENTED_EDGE('',*,*,#1908,.F.);
#2548=ORIENTED_EDGE('',*,*,#1883,.T.);
#2549=ORIENTED_EDGE('',*,*,#1899,.F.);
#2550=ORIENTED_EDGE('',*,*,#1909,.T.);
#2551=ORIENTED_EDGE('',*,*,#1910,.F.);
#2552=ORIENTED_EDGE('',*,*,#1911,.F.);
#2553=ORIENTED_EDGE('',*,*,#1912,.F.);
#2554=ORIENTED_EDGE('',*,*,#1913,.F.);
#2555=ORIENTED_EDGE('',*,*,#1914,.F.);
#2556=ORIENTED_EDGE('',*,*,#1915,.F.);
#2557=ORIENTED_EDGE('',*,*,#1916,.T.);
#2558=ORIENTED_EDGE('',*,*,#1917,.T.);
#2559=ORIENTED_EDGE('',*,*,#1918,.F.);
#2560=ORIENTED_EDGE('',*,*,#1890,.F.);
#2561=ORIENTED_EDGE('',*,*,#1919,.F.);
#2562=ORIENTED_EDGE('',*,*,#1920,.T.);
#2563=ORIENTED_EDGE('',*,*,#1875,.F.);
#2564=ORIENTED_EDGE('',*,*,#1893,.F.);
#2565=ORIENTED_EDGE('',*,*,#1921,.F.);
#2566=ORIENTED_EDGE('',*,*,#1904,.F.);
#2567=ORIENTED_EDGE('',*,*,#1885,.F.);
#2568=ORIENTED_EDGE('',*,*,#1922,.F.);
#2569=ORIENTED_EDGE('',*,*,#1923,.T.);
#2570=ORIENTED_EDGE('',*,*,#1924,.F.);
#2571=ORIENTED_EDGE('',*,*,#1923,.F.);
#2572=ORIENTED_EDGE('',*,*,#1925,.F.);
#2573=ORIENTED_EDGE('',*,*,#1926,.F.);
#2574=ORIENTED_EDGE('',*,*,#1927,.F.);
#2575=ORIENTED_EDGE('',*,*,#1928,.T.);
#2576=ORIENTED_EDGE('',*,*,#1929,.F.);
#2577=ORIENTED_EDGE('',*,*,#1930,.F.);
#2578=ORIENTED_EDGE('',*,*,#1926,.T.);
#2579=ORIENTED_EDGE('',*,*,#1931,.F.);
#2580=ORIENTED_EDGE('',*,*,#1932,.F.);
#2581=ORIENTED_EDGE('',*,*,#1928,.F.);
#2582=ORIENTED_EDGE('',*,*,#1931,.T.);
#2583=ORIENTED_EDGE('',*,*,#1925,.T.);
#2584=ORIENTED_EDGE('',*,*,#1930,.T.);
#2585=ORIENTED_EDGE('',*,*,#1933,.F.);
#2586=ORIENTED_EDGE('',*,*,#1914,.T.);
#2587=ORIENTED_EDGE('',*,*,#1934,.F.);
#2588=ORIENTED_EDGE('',*,*,#1935,.F.);
#2589=ORIENTED_EDGE('',*,*,#1936,.T.);
#2590=ORIENTED_EDGE('',*,*,#1937,.F.);
#2591=ORIENTED_EDGE('',*,*,#1938,.T.);
#2592=ORIENTED_EDGE('',*,*,#1939,.F.);
#2593=ORIENTED_EDGE('',*,*,#1940,.F.);
#2594=ORIENTED_EDGE('',*,*,#1907,.F.);
#2595=ORIENTED_EDGE('',*,*,#1895,.F.);
#2596=ORIENTED_EDGE('',*,*,#1941,.F.);
#2597=ORIENTED_EDGE('',*,*,#1942,.F.);
#2598=ORIENTED_EDGE('',*,*,#1909,.F.);
#2599=ORIENTED_EDGE('',*,*,#1898,.F.);
#2600=ORIENTED_EDGE('',*,*,#1943,.F.);
#2601=ORIENTED_EDGE('',*,*,#1944,.F.);
#2602=ORIENTED_EDGE('',*,*,#1945,.F.);
#2603=ORIENTED_EDGE('',*,*,#1946,.F.);
#2604=ORIENTED_EDGE('',*,*,#1947,.F.);
#2605=ORIENTED_EDGE('',*,*,#1917,.F.);
#2606=ORIENTED_EDGE('',*,*,#1880,.T.);
#2607=ORIENTED_EDGE('',*,*,#1908,.T.);
#2608=ORIENTED_EDGE('',*,*,#1942,.T.);
#2609=ORIENTED_EDGE('',*,*,#1948,.F.);
#2610=ORIENTED_EDGE('',*,*,#1944,.T.);
#2611=ORIENTED_EDGE('',*,*,#1949,.F.);
#2612=ORIENTED_EDGE('',*,*,#1950,.F.);
#2613=ORIENTED_EDGE('',*,*,#1910,.T.);
#2614=ORIENTED_EDGE('',*,*,#1951,.T.);
#2615=ORIENTED_EDGE('',*,*,#1952,.T.);
#2616=ORIENTED_EDGE('',*,*,#1953,.T.);
#2617=ORIENTED_EDGE('',*,*,#1954,.T.);
#2618=ORIENTED_EDGE('',*,*,#1878,.T.);
#2619=ORIENTED_EDGE('',*,*,#1918,.T.);
#2620=ORIENTED_EDGE('',*,*,#1947,.T.);
#2621=ORIENTED_EDGE('',*,*,#1955,.F.);
#2622=ORIENTED_EDGE('',*,*,#1955,.T.);
#2623=ORIENTED_EDGE('',*,*,#1946,.T.);
#2624=ORIENTED_EDGE('',*,*,#1956,.T.);
#2625=ORIENTED_EDGE('',*,*,#1957,.T.);
#2626=ORIENTED_EDGE('',*,*,#1939,.T.);
#2627=ORIENTED_EDGE('',*,*,#1958,.T.);
#2628=ORIENTED_EDGE('',*,*,#1959,.T.);
#2629=ORIENTED_EDGE('',*,*,#1960,.T.);
#2630=ORIENTED_EDGE('',*,*,#1949,.T.);
#2631=ORIENTED_EDGE('',*,*,#1943,.T.);
#2632=ORIENTED_EDGE('',*,*,#1897,.F.);
#2633=ORIENTED_EDGE('',*,*,#1881,.F.);
#2634=ORIENTED_EDGE('',*,*,#1948,.T.);
#2635=ORIENTED_EDGE('',*,*,#1941,.T.);
#2636=ORIENTED_EDGE('',*,*,#1894,.F.);
#2637=ORIENTED_EDGE('',*,*,#1879,.F.);
#2638=ORIENTED_EDGE('',*,*,#1873,.T.);
#2639=ORIENTED_EDGE('',*,*,#1961,.F.);
#2640=ORIENTED_EDGE('',*,*,#1962,.T.);
#2641=ORIENTED_EDGE('',*,*,#1888,.T.);
#2642=ORIENTED_EDGE('',*,*,#1887,.T.);
#2643=ORIENTED_EDGE('',*,*,#1906,.F.);
#2644=ORIENTED_EDGE('',*,*,#1963,.T.);
#2645=ORIENTED_EDGE('',*,*,#1891,.T.);
#2646=ORIENTED_EDGE('',*,*,#1936,.F.);
#2647=ORIENTED_EDGE('',*,*,#1964,.F.);
#2648=ORIENTED_EDGE('',*,*,#1965,.F.);
#2649=ORIENTED_EDGE('',*,*,#1966,.F.);
#2650=ORIENTED_EDGE('',*,*,#1966,.T.);
#2651=ORIENTED_EDGE('',*,*,#1967,.T.);
#2652=ORIENTED_EDGE('',*,*,#1968,.T.);
#2653=ORIENTED_EDGE('',*,*,#1937,.T.);
#2654=ORIENTED_EDGE('',*,*,#1945,.T.);
#2655=ORIENTED_EDGE('',*,*,#1916,.F.);
#2656=ORIENTED_EDGE('',*,*,#1969,.F.);
#2657=ORIENTED_EDGE('',*,*,#1956,.F.);
#2658=ORIENTED_EDGE('',*,*,#1929,.T.);
#2659=ORIENTED_EDGE('',*,*,#1932,.T.);
#2660=ORIENTED_EDGE('',*,*,#1940,.T.);
#2661=ORIENTED_EDGE('',*,*,#1957,.F.);
#2662=ORIENTED_EDGE('',*,*,#1969,.T.);
#2663=ORIENTED_EDGE('',*,*,#1915,.T.);
#2664=ORIENTED_EDGE('',*,*,#1933,.T.);
#2665=ORIENTED_EDGE('',*,*,#1902,.F.);
#2666=ORIENTED_EDGE('',*,*,#1970,.F.);
#2667=ORIENTED_EDGE('',*,*,#1953,.F.);
#2668=ORIENTED_EDGE('',*,*,#1971,.T.);
#2669=ORIENTED_EDGE('',*,*,#1903,.F.);
#2670=ORIENTED_EDGE('',*,*,#1971,.F.);
#2671=ORIENTED_EDGE('',*,*,#1952,.F.);
#2672=ORIENTED_EDGE('',*,*,#1972,.T.);
#2673=ORIENTED_EDGE('',*,*,#1900,.F.);
#2674=ORIENTED_EDGE('',*,*,#1972,.F.);
#2675=ORIENTED_EDGE('',*,*,#1951,.F.);
#2676=ORIENTED_EDGE('',*,*,#1973,.T.);
#2677=ORIENTED_EDGE('',*,*,#1901,.F.);
#2678=ORIENTED_EDGE('',*,*,#1973,.F.);
#2679=ORIENTED_EDGE('',*,*,#1954,.F.);
#2680=ORIENTED_EDGE('',*,*,#1970,.T.);
#2681=ORIENTED_EDGE('',*,*,#1872,.T.);
#2682=ORIENTED_EDGE('',*,*,#1920,.F.);
#2683=ORIENTED_EDGE('',*,*,#1974,.F.);
#2684=ORIENTED_EDGE('',*,*,#1961,.T.);
#2685=ORIENTED_EDGE('',*,*,#1889,.T.);
#2686=ORIENTED_EDGE('',*,*,#1962,.F.);
#2687=ORIENTED_EDGE('',*,*,#1974,.T.);
#2688=ORIENTED_EDGE('',*,*,#1919,.T.);
#2689=ORIENTED_EDGE('',*,*,#1927,.T.);
#2690=ORIENTED_EDGE('',*,*,#1913,.T.);
#2691=ORIENTED_EDGE('',*,*,#1975,.F.);
#2692=ORIENTED_EDGE('',*,*,#1976,.F.);
#2693=ORIENTED_EDGE('',*,*,#1934,.T.);
#2694=ORIENTED_EDGE('',*,*,#1968,.F.);
#2695=ORIENTED_EDGE('',*,*,#1977,.T.);
#2696=ORIENTED_EDGE('',*,*,#1958,.F.);
#2697=ORIENTED_EDGE('',*,*,#1938,.F.);
#2698=ORIENTED_EDGE('',*,*,#1965,.T.);
#2699=ORIENTED_EDGE('',*,*,#1978,.F.);
#2700=ORIENTED_EDGE('',*,*,#1975,.T.);
#2701=ORIENTED_EDGE('',*,*,#1912,.T.);
#2702=ORIENTED_EDGE('',*,*,#1979,.T.);
#2703=ORIENTED_EDGE('',*,*,#1959,.F.);
#2704=ORIENTED_EDGE('',*,*,#1977,.F.);
#2705=ORIENTED_EDGE('',*,*,#1967,.F.);
#2706=ORIENTED_EDGE('',*,*,#1964,.T.);
#2707=ORIENTED_EDGE('',*,*,#1935,.T.);
#2708=ORIENTED_EDGE('',*,*,#1976,.T.);
#2709=ORIENTED_EDGE('',*,*,#1978,.T.);
#2710=ORIENTED_EDGE('',*,*,#1921,.T.);
#2711=ORIENTED_EDGE('',*,*,#1892,.T.);
#2712=ORIENTED_EDGE('',*,*,#1963,.F.);
#2713=ORIENTED_EDGE('',*,*,#1905,.F.);
#2714=ORIENTED_EDGE('',*,*,#1922,.T.);
#2715=ORIENTED_EDGE('',*,*,#1911,.T.);
#2716=ORIENTED_EDGE('',*,*,#1950,.T.);
#2717=ORIENTED_EDGE('',*,*,#1960,.F.);
#2718=ORIENTED_EDGE('',*,*,#1979,.F.);
#2719=ORIENTED_EDGE('',*,*,#1924,.T.);
#2720=ORIENTED_EDGE('',*,*,#1980,.T.);
#2721=ORIENTED_EDGE('',*,*,#1981,.T.);
#2722=ORIENTED_EDGE('',*,*,#1982,.F.);
#2723=ORIENTED_EDGE('',*,*,#1983,.F.);
#2724=ORIENTED_EDGE('',*,*,#1984,.T.);
#2725=ORIENTED_EDGE('',*,*,#1983,.T.);
#2726=ORIENTED_EDGE('',*,*,#1985,.F.);
#2727=ORIENTED_EDGE('',*,*,#1986,.F.);
#2728=ORIENTED_EDGE('',*,*,#1987,.T.);
#2729=ORIENTED_EDGE('',*,*,#1986,.T.);
#2730=ORIENTED_EDGE('',*,*,#1988,.F.);
#2731=ORIENTED_EDGE('',*,*,#1989,.F.);
#2732=ORIENTED_EDGE('',*,*,#1990,.T.);
#2733=ORIENTED_EDGE('',*,*,#1989,.T.);
#2734=ORIENTED_EDGE('',*,*,#1991,.F.);
#2735=ORIENTED_EDGE('',*,*,#1981,.F.);
#2736=ORIENTED_EDGE('',*,*,#1991,.T.);
#2737=ORIENTED_EDGE('',*,*,#1988,.T.);
#2738=ORIENTED_EDGE('',*,*,#1985,.T.);
#2739=ORIENTED_EDGE('',*,*,#1982,.T.);
#2740=ORIENTED_EDGE('',*,*,#1990,.F.);
#2741=ORIENTED_EDGE('',*,*,#1980,.F.);
#2742=ORIENTED_EDGE('',*,*,#1984,.F.);
#2743=ORIENTED_EDGE('',*,*,#1987,.F.);
#2744=ORIENTED_EDGE('',*,*,#1992,.F.);
#2745=ORIENTED_EDGE('',*,*,#1993,.F.);
#2746=ORIENTED_EDGE('',*,*,#1994,.F.);
#2747=ORIENTED_EDGE('',*,*,#1995,.T.);
#2748=ORIENTED_EDGE('',*,*,#1996,.F.);
#2749=ORIENTED_EDGE('',*,*,#1995,.F.);
#2750=ORIENTED_EDGE('',*,*,#1997,.F.);
#2751=ORIENTED_EDGE('',*,*,#1998,.T.);
#2752=ORIENTED_EDGE('',*,*,#1999,.F.);
#2753=ORIENTED_EDGE('',*,*,#1998,.F.);
#2754=ORIENTED_EDGE('',*,*,#2000,.F.);
#2755=ORIENTED_EDGE('',*,*,#2001,.T.);
#2756=ORIENTED_EDGE('',*,*,#2002,.F.);
#2757=ORIENTED_EDGE('',*,*,#2001,.F.);
#2758=ORIENTED_EDGE('',*,*,#2003,.F.);
#2759=ORIENTED_EDGE('',*,*,#1993,.T.);
#2760=ORIENTED_EDGE('',*,*,#2004,.F.);
#2761=ORIENTED_EDGE('',*,*,#2005,.F.);
#2762=ORIENTED_EDGE('',*,*,#2006,.F.);
#2763=ORIENTED_EDGE('',*,*,#2007,.F.);
#2764=ORIENTED_EDGE('',*,*,#2008,.F.);
#2765=ORIENTED_EDGE('',*,*,#2009,.F.);
#2766=ORIENTED_EDGE('',*,*,#2010,.F.);
#2767=ORIENTED_EDGE('',*,*,#2011,.F.);
#2768=ORIENTED_EDGE('',*,*,#2012,.F.);
#2769=ORIENTED_EDGE('',*,*,#2013,.F.);
#2770=ORIENTED_EDGE('',*,*,#2011,.T.);
#2771=ORIENTED_EDGE('',*,*,#2014,.F.);
#2772=ORIENTED_EDGE('',*,*,#2015,.F.);
#2773=ORIENTED_EDGE('',*,*,#2016,.F.);
#2774=ORIENTED_EDGE('',*,*,#2010,.T.);
#2775=ORIENTED_EDGE('',*,*,#2017,.T.);
#2776=ORIENTED_EDGE('',*,*,#2018,.F.);
#2777=ORIENTED_EDGE('',*,*,#2014,.T.);
#2778=ORIENTED_EDGE('',*,*,#2006,.T.);
#2779=ORIENTED_EDGE('',*,*,#2019,.F.);
#2780=ORIENTED_EDGE('',*,*,#2020,.T.);
#2781=ORIENTED_EDGE('',*,*,#2021,.F.);
#2782=ORIENTED_EDGE('',*,*,#2005,.T.);
#2783=ORIENTED_EDGE('',*,*,#2022,.T.);
#2784=ORIENTED_EDGE('',*,*,#2023,.T.);
#2785=ORIENTED_EDGE('',*,*,#2024,.F.);
#2786=ORIENTED_EDGE('',*,*,#2025,.F.);
#2787=ORIENTED_EDGE('',*,*,#2026,.T.);
#2788=ORIENTED_EDGE('',*,*,#2027,.T.);
#2789=ORIENTED_EDGE('',*,*,#2028,.F.);
#2790=ORIENTED_EDGE('',*,*,#2029,.F.);
#2791=ORIENTED_EDGE('',*,*,#2030,.T.);
#2792=ORIENTED_EDGE('',*,*,#2019,.T.);
#2793=ORIENTED_EDGE('',*,*,#2004,.T.);
#2794=ORIENTED_EDGE('',*,*,#2031,.F.);
#2795=ORIENTED_EDGE('',*,*,#2032,.T.);
#2796=ORIENTED_EDGE('',*,*,#2022,.F.);
#2797=ORIENTED_EDGE('',*,*,#2033,.F.);
#2798=ORIENTED_EDGE('',*,*,#2034,.F.);
#2799=ORIENTED_EDGE('',*,*,#2035,.F.);
#2800=ORIENTED_EDGE('',*,*,#2036,.T.);
#2801=ORIENTED_EDGE('',*,*,#2037,.F.);
#2802=ORIENTED_EDGE('',*,*,#2038,.F.);
#2803=ORIENTED_EDGE('',*,*,#2039,.F.);
#2804=ORIENTED_EDGE('',*,*,#2040,.T.);
#2805=ORIENTED_EDGE('',*,*,#2041,.F.);
#2806=ORIENTED_EDGE('',*,*,#2042,.F.);
#2807=ORIENTED_EDGE('',*,*,#2043,.F.);
#2808=ORIENTED_EDGE('',*,*,#2034,.T.);
#2809=ORIENTED_EDGE('',*,*,#2044,.F.);
#2810=ORIENTED_EDGE('',*,*,#2036,.F.);
#2811=ORIENTED_EDGE('',*,*,#2045,.F.);
#2812=ORIENTED_EDGE('',*,*,#2046,.T.);
#2813=ORIENTED_EDGE('',*,*,#2047,.F.);
#2814=ORIENTED_EDGE('',*,*,#2040,.F.);
#2815=ORIENTED_EDGE('',*,*,#2048,.F.);
#2816=ORIENTED_EDGE('',*,*,#2049,.T.);
#2817=ORIENTED_EDGE('',*,*,#2050,.F.);
#2818=ORIENTED_EDGE('',*,*,#2046,.F.);
#2819=ORIENTED_EDGE('',*,*,#2051,.F.);
#2820=ORIENTED_EDGE('',*,*,#2042,.T.);
#2821=ORIENTED_EDGE('',*,*,#2052,.F.);
#2822=ORIENTED_EDGE('',*,*,#2049,.F.);
#2823=ORIENTED_EDGE('',*,*,#2053,.F.);
#2824=ORIENTED_EDGE('',*,*,#2054,.T.);
#2825=ORIENTED_EDGE('',*,*,#2055,.F.);
#2826=ORIENTED_EDGE('',*,*,#2054,.F.);
#2827=ORIENTED_EDGE('',*,*,#2056,.F.);
#2828=ORIENTED_EDGE('',*,*,#2038,.T.);
#2829=ORIENTED_EDGE('',*,*,#2057,.F.);
#2830=ORIENTED_EDGE('',*,*,#2058,.F.);
#2831=ORIENTED_EDGE('',*,*,#2023,.F.);
#2832=ORIENTED_EDGE('',*,*,#2032,.F.);
#2833=ORIENTED_EDGE('',*,*,#2030,.F.);
#2834=ORIENTED_EDGE('',*,*,#2059,.F.);
#2835=ORIENTED_EDGE('',*,*,#2060,.F.);
#2836=ORIENTED_EDGE('',*,*,#2020,.F.);
#2837=ORIENTED_EDGE('',*,*,#2058,.T.);
#2838=ORIENTED_EDGE('',*,*,#2061,.T.);
#2839=ORIENTED_EDGE('',*,*,#2062,.F.);
#2840=ORIENTED_EDGE('',*,*,#2063,.T.);
#2841=ORIENTED_EDGE('',*,*,#2064,.F.);
#2842=ORIENTED_EDGE('',*,*,#2065,.F.);
#2843=ORIENTED_EDGE('',*,*,#2066,.F.);
#2844=ORIENTED_EDGE('',*,*,#2024,.T.);
#2845=ORIENTED_EDGE('',*,*,#2052,.T.);
#2846=ORIENTED_EDGE('',*,*,#2055,.T.);
#2847=ORIENTED_EDGE('',*,*,#2037,.T.);
#2848=ORIENTED_EDGE('',*,*,#2047,.T.);
#2849=ORIENTED_EDGE('',*,*,#2009,.T.);
#2850=ORIENTED_EDGE('',*,*,#2067,.F.);
#2851=ORIENTED_EDGE('',*,*,#2068,.T.);
#2852=ORIENTED_EDGE('',*,*,#2069,.F.);
#2853=ORIENTED_EDGE('',*,*,#2061,.F.);
#2854=ORIENTED_EDGE('',*,*,#2057,.T.);
#2855=ORIENTED_EDGE('',*,*,#2031,.T.);
#2856=ORIENTED_EDGE('',*,*,#2059,.T.);
#2857=ORIENTED_EDGE('',*,*,#2029,.T.);
#2858=ORIENTED_EDGE('',*,*,#2070,.F.);
#2859=ORIENTED_EDGE('',*,*,#2071,.F.);
#2860=ORIENTED_EDGE('',*,*,#2072,.F.);
#2861=ORIENTED_EDGE('',*,*,#2073,.F.);
#2862=ORIENTED_EDGE('',*,*,#2074,.F.);
#2863=ORIENTED_EDGE('',*,*,#2075,.T.);
#2864=ORIENTED_EDGE('',*,*,#2000,.T.);
#2865=ORIENTED_EDGE('',*,*,#1997,.T.);
#2866=ORIENTED_EDGE('',*,*,#1994,.T.);
#2867=ORIENTED_EDGE('',*,*,#2003,.T.);
#2868=ORIENTED_EDGE('',*,*,#2051,.T.);
#2869=ORIENTED_EDGE('',*,*,#2045,.T.);
#2870=ORIENTED_EDGE('',*,*,#2035,.T.);
#2871=ORIENTED_EDGE('',*,*,#2043,.T.);
#2872=ORIENTED_EDGE('',*,*,#2012,.T.);
#2873=ORIENTED_EDGE('',*,*,#2016,.T.);
#2874=ORIENTED_EDGE('',*,*,#2076,.F.);
#2875=ORIENTED_EDGE('',*,*,#2077,.T.);
#2876=ORIENTED_EDGE('',*,*,#2013,.T.);
#2877=ORIENTED_EDGE('',*,*,#2077,.F.);
#2878=ORIENTED_EDGE('',*,*,#2078,.F.);
#2879=ORIENTED_EDGE('',*,*,#2017,.F.);
#2880=ORIENTED_EDGE('',*,*,#2079,.T.);
#2881=ORIENTED_EDGE('',*,*,#2062,.T.);
#2882=ORIENTED_EDGE('',*,*,#2069,.T.);
#2883=ORIENTED_EDGE('',*,*,#2080,.T.);
#2884=ORIENTED_EDGE('',*,*,#2080,.F.);
#2885=ORIENTED_EDGE('',*,*,#2068,.F.);
#2886=ORIENTED_EDGE('',*,*,#2081,.F.);
#2887=ORIENTED_EDGE('',*,*,#2082,.T.);
#2888=ORIENTED_EDGE('',*,*,#2083,.T.);
#2889=ORIENTED_EDGE('',*,*,#2025,.T.);
#2890=ORIENTED_EDGE('',*,*,#2066,.T.);
#2891=ORIENTED_EDGE('',*,*,#2084,.T.);
#2892=ORIENTED_EDGE('',*,*,#2070,.T.);
#2893=ORIENTED_EDGE('',*,*,#2028,.T.);
#2894=ORIENTED_EDGE('',*,*,#2085,.T.);
#2895=ORIENTED_EDGE('',*,*,#2085,.F.);
#2896=ORIENTED_EDGE('',*,*,#2027,.F.);
#2897=ORIENTED_EDGE('',*,*,#2086,.F.);
#2898=ORIENTED_EDGE('',*,*,#2087,.T.);
#2899=ORIENTED_EDGE('',*,*,#2088,.T.);
#2900=ORIENTED_EDGE('',*,*,#2089,.T.);
#2901=ORIENTED_EDGE('',*,*,#2074,.T.);
#2902=ORIENTED_EDGE('',*,*,#2083,.F.);
#2903=ORIENTED_EDGE('',*,*,#2090,.F.);
#2904=ORIENTED_EDGE('',*,*,#2026,.F.);
#2905=ORIENTED_EDGE('',*,*,#2007,.T.);
#2906=ORIENTED_EDGE('',*,*,#2021,.T.);
#2907=ORIENTED_EDGE('',*,*,#2060,.T.);
#2908=ORIENTED_EDGE('',*,*,#2075,.F.);
#2909=ORIENTED_EDGE('',*,*,#2089,.F.);
#2910=ORIENTED_EDGE('',*,*,#2091,.T.);
#2911=ORIENTED_EDGE('',*,*,#2092,.F.);
#2912=ORIENTED_EDGE('',*,*,#2088,.F.);
#2913=ORIENTED_EDGE('',*,*,#2093,.F.);
#2914=ORIENTED_EDGE('',*,*,#2091,.F.);
#2915=ORIENTED_EDGE('',*,*,#2008,.T.);
#2916=ORIENTED_EDGE('',*,*,#2092,.T.);
#2917=ORIENTED_EDGE('',*,*,#2093,.T.);
#2918=ORIENTED_EDGE('',*,*,#2087,.F.);
#2919=ORIENTED_EDGE('',*,*,#2073,.T.);
#2920=ORIENTED_EDGE('',*,*,#2094,.F.);
#2921=ORIENTED_EDGE('',*,*,#2063,.F.);
#2922=ORIENTED_EDGE('',*,*,#2079,.F.);
#2923=ORIENTED_EDGE('',*,*,#2081,.T.);
#2924=ORIENTED_EDGE('',*,*,#2067,.T.);
#2925=ORIENTED_EDGE('',*,*,#2095,.F.);
#2926=ORIENTED_EDGE('',*,*,#2096,.F.);
#2927=ORIENTED_EDGE('',*,*,#2097,.F.);
#2928=ORIENTED_EDGE('',*,*,#2098,.F.);
#2929=ORIENTED_EDGE('',*,*,#2076,.T.);
#2930=ORIENTED_EDGE('',*,*,#2015,.T.);
#2931=ORIENTED_EDGE('',*,*,#2018,.T.);
#2932=ORIENTED_EDGE('',*,*,#2078,.T.);
#2933=ORIENTED_EDGE('',*,*,#2096,.T.);
#2934=ORIENTED_EDGE('',*,*,#2099,.T.);
#2935=ORIENTED_EDGE('',*,*,#2100,.T.);
#2936=ORIENTED_EDGE('',*,*,#2101,.F.);
#2937=ORIENTED_EDGE('',*,*,#2095,.T.);
#2938=ORIENTED_EDGE('',*,*,#2102,.T.);
#2939=ORIENTED_EDGE('',*,*,#2103,.T.);
#2940=ORIENTED_EDGE('',*,*,#2099,.F.);
#2941=ORIENTED_EDGE('',*,*,#2053,.T.);
#2942=ORIENTED_EDGE('',*,*,#2048,.T.);
#2943=ORIENTED_EDGE('',*,*,#2039,.T.);
#2944=ORIENTED_EDGE('',*,*,#2056,.T.);
#2945=ORIENTED_EDGE('',*,*,#2097,.T.);
#2946=ORIENTED_EDGE('',*,*,#2101,.T.);
#2947=ORIENTED_EDGE('',*,*,#2104,.T.);
#2948=ORIENTED_EDGE('',*,*,#2105,.T.);
#2949=ORIENTED_EDGE('',*,*,#1999,.T.);
#2950=ORIENTED_EDGE('',*,*,#2002,.T.);
#2951=ORIENTED_EDGE('',*,*,#1992,.T.);
#2952=ORIENTED_EDGE('',*,*,#1996,.T.);
#2953=ORIENTED_EDGE('',*,*,#2050,.T.);
#2954=ORIENTED_EDGE('',*,*,#2041,.T.);
#2955=ORIENTED_EDGE('',*,*,#2033,.T.);
#2956=ORIENTED_EDGE('',*,*,#2044,.T.);
#2957=ORIENTED_EDGE('',*,*,#2098,.T.);
#2958=ORIENTED_EDGE('',*,*,#2105,.F.);
#2959=ORIENTED_EDGE('',*,*,#2106,.T.);
#2960=ORIENTED_EDGE('',*,*,#2102,.F.);
#2961=ORIENTED_EDGE('',*,*,#2106,.F.);
#2962=ORIENTED_EDGE('',*,*,#2104,.F.);
#2963=ORIENTED_EDGE('',*,*,#2100,.F.);
#2964=ORIENTED_EDGE('',*,*,#2103,.F.);
#2965=ORIENTED_EDGE('',*,*,#2082,.F.);
#2966=ORIENTED_EDGE('',*,*,#2065,.T.);
#2967=ORIENTED_EDGE('',*,*,#2107,.F.);
#2968=ORIENTED_EDGE('',*,*,#2071,.T.);
#2969=ORIENTED_EDGE('',*,*,#2084,.F.);
#2970=ORIENTED_EDGE('',*,*,#2086,.T.);
#2971=ORIENTED_EDGE('',*,*,#2090,.T.);
#2972=ORIENTED_EDGE('',*,*,#2107,.T.);
#2973=ORIENTED_EDGE('',*,*,#2064,.T.);
#2974=ORIENTED_EDGE('',*,*,#2094,.T.);
#2975=ORIENTED_EDGE('',*,*,#2072,.T.);
#2976=ORIENTED_EDGE('',*,*,#2108,.T.);
#2977=ORIENTED_EDGE('',*,*,#2109,.T.);
#2978=ORIENTED_EDGE('',*,*,#2110,.T.);
#2979=ORIENTED_EDGE('',*,*,#2111,.T.);
#2980=ORIENTED_EDGE('',*,*,#2108,.F.);
#2981=ORIENTED_EDGE('',*,*,#2112,.T.);
#2982=ORIENTED_EDGE('',*,*,#2113,.F.);
#2983=ORIENTED_EDGE('',*,*,#2114,.T.);
#2984=ORIENTED_EDGE('',*,*,#2115,.F.);
#2985=ORIENTED_EDGE('',*,*,#2116,.T.);
#2986=ORIENTED_EDGE('',*,*,#2117,.F.);
#2987=ORIENTED_EDGE('',*,*,#2118,.T.);
#2988=ORIENTED_EDGE('',*,*,#2111,.F.);
#2989=ORIENTED_EDGE('',*,*,#2119,.T.);
#2990=ORIENTED_EDGE('',*,*,#2120,.F.);
#2991=ORIENTED_EDGE('',*,*,#2112,.F.);
#2992=ORIENTED_EDGE('',*,*,#2113,.T.);
#2993=ORIENTED_EDGE('',*,*,#2120,.T.);
#2994=ORIENTED_EDGE('',*,*,#2121,.T.);
#2995=ORIENTED_EDGE('',*,*,#2122,.T.);
#2996=ORIENTED_EDGE('',*,*,#2117,.T.);
#2997=ORIENTED_EDGE('',*,*,#2123,.T.);
#2998=ORIENTED_EDGE('',*,*,#2124,.T.);
#2999=ORIENTED_EDGE('',*,*,#2125,.T.);
#3000=ORIENTED_EDGE('',*,*,#2123,.F.);
#3001=ORIENTED_EDGE('',*,*,#2116,.F.);
#3002=ORIENTED_EDGE('',*,*,#2126,.F.);
#3003=ORIENTED_EDGE('',*,*,#2127,.T.);
#3004=ORIENTED_EDGE('',*,*,#2115,.T.);
#3005=ORIENTED_EDGE('',*,*,#2128,.T.);
#3006=ORIENTED_EDGE('',*,*,#2129,.T.);
#3007=ORIENTED_EDGE('',*,*,#2126,.T.);
#3008=ORIENTED_EDGE('',*,*,#2122,.F.);
#3009=ORIENTED_EDGE('',*,*,#2130,.T.);
#3010=ORIENTED_EDGE('',*,*,#2128,.F.);
#3011=ORIENTED_EDGE('',*,*,#2114,.F.);
#3012=ORIENTED_EDGE('',*,*,#2109,.F.);
#3013=ORIENTED_EDGE('',*,*,#2118,.F.);
#3014=ORIENTED_EDGE('',*,*,#2125,.F.);
#3015=ORIENTED_EDGE('',*,*,#2131,.T.);
#3016=ORIENTED_EDGE('',*,*,#2110,.F.);
#3017=ORIENTED_EDGE('',*,*,#2131,.F.);
#3018=ORIENTED_EDGE('',*,*,#2124,.F.);
#3019=ORIENTED_EDGE('',*,*,#2127,.F.);
#3020=ORIENTED_EDGE('',*,*,#2129,.F.);
#3021=ORIENTED_EDGE('',*,*,#2130,.F.);
#3022=ORIENTED_EDGE('',*,*,#2121,.F.);
#3023=ORIENTED_EDGE('',*,*,#2119,.F.);
#3024=PLANE('',#3502);
#3025=PLANE('',#3506);
#3026=PLANE('',#3507);
#3027=PLANE('',#3508);
#3028=PLANE('',#3509);
#3029=PLANE('',#3511);
#3030=PLANE('',#3512);
#3031=PLANE('',#3513);
#3032=PLANE('',#3514);
#3033=PLANE('',#3515);
#3034=PLANE('',#3516);
#3035=PLANE('',#3517);
#3036=PLANE('',#3518);
#3037=PLANE('',#3519);
#3038=PLANE('',#3520);
#3039=PLANE('',#3522);
#3040=PLANE('',#3523);
#3041=PLANE('',#3524);
#3042=PLANE('',#3525);
#3043=PLANE('',#3526);
#3044=PLANE('',#3527);
#3045=PLANE('',#3532);
#3046=PLANE('',#3533);
#3047=PLANE('',#3534);
#3048=PLANE('',#3535);
#3049=PLANE('',#3536);
#3050=PLANE('',#3537);
#3051=PLANE('',#3539);
#3052=PLANE('',#3542);
#3053=PLANE('',#3543);
#3054=PLANE('',#3544);
#3055=PLANE('',#3545);
#3056=PLANE('',#3546);
#3057=PLANE('',#3547);
#3058=PLANE('',#3556);
#3059=PLANE('',#3560);
#3060=PLANE('',#3561);
#3061=PLANE('',#3562);
#3062=PLANE('',#3563);
#3063=PLANE('',#3565);
#3064=PLANE('',#3566);
#3065=PLANE('',#3567);
#3066=PLANE('',#3568);
#3067=PLANE('',#3569);
#3068=PLANE('',#3570);
#3069=PLANE('',#3575);
#3070=PLANE('',#3576);
#3071=PLANE('',#3578);
#3072=PLANE('',#3579);
#3073=PLANE('',#3580);
#3074=PLANE('',#3581);
#3075=PLANE('',#3583);
#3076=PLANE('',#3586);
#3077=PLANE('',#3587);
#3078=PLANE('',#3588);
#3079=PLANE('',#3589);
#3080=PLANE('',#3590);
#3081=PLANE('',#3591);
#3082=PLANE('',#3593);
#3083=PLANE('',#3594);
#3084=PLANE('',#3595);
#3085=PLANE('',#3596);
#3086=PLANE('',#3597);
#3087=PLANE('',#3598);
#3088=PLANE('',#3599);
#3089=PLANE('',#3600);
#3090=PLANE('',#3601);
#3091=PLANE('',#3602);
#3092=PLANE('',#3603);
#3093=PLANE('',#3604);
#3094=PLANE('',#3605);
#3095=PLANE('',#3606);
#3096=PLANE('',#3607);
#3097=PLANE('',#3608);
#3098=PLANE('',#3609);
#3099=PLANE('',#3610);
#3100=PLANE('',#3611);
#3101=PLANE('',#3612);
#3102=PLANE('',#3619);
#3103=PLANE('',#3620);
#3104=PLANE('',#3621);
#3105=PLANE('',#3622);
#3106=PLANE('',#3623);
#3107=PLANE('',#3624);
#3108=PLANE('',#3625);
#3109=PLANE('',#3626);
#3110=PLANE('',#3627);
#3111=PLANE('',#3628);
#3112=PLANE('',#3632);
#3113=PLANE('',#3638);
#3114=PLANE('',#3641);
#3115=PLANE('',#3642);
#3116=PLANE('',#3643);
#3117=PLANE('',#3644);
#3118=PLANE('',#3645);
#3119=PLANE('',#3646);
#3120=PLANE('',#3647);
#3121=PLANE('',#3648);
#3122=PLANE('',#3651);
#3123=PLANE('',#3652);
#3124=PLANE('',#3653);
#3125=PLANE('',#3654);
#3126=PLANE('',#3655);
#3127=PLANE('',#3656);
#3128=PLANE('',#3657);
#3129=PLANE('',#3658);
#3130=PLANE('',#3659);
#3131=PLANE('',#3660);
#3132=PLANE('',#3661);
#3133=PLANE('',#3664);
#3134=PLANE('',#3665);
#3135=PLANE('',#3666);
#3136=PLANE('',#3667);
#3137=PLANE('',#3668);
#3138=PLANE('',#3669);
#3139=PLANE('',#3670);
#3140=PLANE('',#3671);
#3141=PLANE('',#3674);
#3142=PLANE('',#3675);
#3143=PLANE('',#3676);
#3144=PLANE('',#3677);
#3145=PLANE('',#3678);
#3146=PLANE('',#3684);
#3147=PLANE('',#3687);
#3148=PLANE('',#3693);
#3149=PLANE('',#3694);
#3150=PLANE('',#3695);
#3151=PLANE('',#3696);
#3152=PLANE('',#3697);
#3153=PLANE('',#3698);
#3154=PLANE('',#3699);
#3155=PLANE('',#3700);
#3156=PLANE('',#3701);
#3157=PLANE('',#3702);
#3158=PLANE('',#3704);
#3159=PLANE('',#3706);
#3160=PLANE('',#3709);
#3161=PLANE('',#3712);
#3162=PLANE('',#3715);
#3163=PLANE('',#3720);
#3164=PLANE('',#3723);
#3165=PLANE('',#3726);
#3166=PLANE('',#3727);
#3167=PLANE('',#3728);
#3168=PLANE('',#3729);
#3169=PLANE('',#3730);
#3170=PLANE('',#3731);
#3171=PLANE('',#3732);
#3172=PLANE('',#3733);
#3173=PLANE('',#3734);
#3174=PLANE('',#3735);
#3175=PLANE('',#3739);
#3176=PLANE('',#3743);
#3177=PLANE('',#3748);
#3178=PLANE('',#3751);
#3179=PLANE('',#3752);
#3180=PLANE('',#3753);
#3181=ADVANCED_FACE('',(#175),#3024,.T.);
#3182=ADVANCED_FACE('',(#176),#152,.T.);
#3183=ADVANCED_FACE('',(#177),#3025,.T.);
#3184=ADVANCED_FACE('',(#178),#3026,.T.);
#3185=ADVANCED_FACE('',(#179),#3027,.T.);
#3186=ADVANCED_FACE('',(#180),#3028,.F.);
#3187=ADVANCED_FACE('',(#181),#3029,.T.);
#3188=ADVANCED_FACE('',(#182),#3030,.T.);
#3189=ADVANCED_FACE('',(#183),#3031,.T.);
#3190=ADVANCED_FACE('',(#184),#3032,.T.);
#3191=ADVANCED_FACE('',(#185),#3033,.T.);
#3192=ADVANCED_FACE('',(#186),#3034,.F.);
#3193=ADVANCED_FACE('',(#187),#3035,.T.);
#3194=ADVANCED_FACE('',(#188),#3036,.T.);
#3195=ADVANCED_FACE('',(#189),#3037,.T.);
#3196=ADVANCED_FACE('',(#190),#3038,.T.);
#3197=ADVANCED_FACE('',(#191),#3039,.F.);
#3198=ADVANCED_FACE('',(#192),#3040,.T.);
#3199=ADVANCED_FACE('',(#193),#3041,.T.);
#3200=ADVANCED_FACE('',(#194),#3042,.T.);
#3201=ADVANCED_FACE('',(#195),#3043,.T.);
#3202=ADVANCED_FACE('',(#196),#3044,.T.);
#3203=ADVANCED_FACE('',(#197),#153,.T.);
#3204=ADVANCED_FACE('',(#198),#3045,.T.);
#3205=ADVANCED_FACE('',(#199),#3046,.F.);
#3206=ADVANCED_FACE('',(#200),#3047,.T.);
#3207=ADVANCED_FACE('',(#201),#3048,.T.);
#3208=ADVANCED_FACE('',(#202),#3049,.F.);
#3209=ADVANCED_FACE('',(#203,#80),#3050,.F.);
#3210=ADVANCED_FACE('',(#204),#3051,.T.);
#3211=ADVANCED_FACE('',(#205),#154,.F.);
#3212=ADVANCED_FACE('',(#206),#3052,.T.);
#3213=ADVANCED_FACE('',(#207),#3053,.F.);
#3214=ADVANCED_FACE('',(#208),#3054,.T.);
#3215=ADVANCED_FACE('',(#209),#3055,.F.);
#3216=ADVANCED_FACE('',(#210),#3056,.F.);
#3217=ADVANCED_FACE('',(#211),#3057,.T.);
#3218=ADVANCED_FACE('',(#212),#3058,.T.);
#3219=ADVANCED_FACE('',(#213),#155,.T.);
#3220=ADVANCED_FACE('',(#214),#3059,.T.);
#3221=ADVANCED_FACE('',(#215),#3060,.T.);
#3222=ADVANCED_FACE('',(#216),#3061,.T.);
#3223=ADVANCED_FACE('',(#217),#3062,.F.);
#3224=ADVANCED_FACE('',(#218),#3063,.T.);
#3225=ADVANCED_FACE('',(#219),#3064,.F.);
#3226=ADVANCED_FACE('',(#220),#3065,.T.);
#3227=ADVANCED_FACE('',(#221),#3066,.F.);
#3228=ADVANCED_FACE('',(#222),#3067,.T.);
#3229=ADVANCED_FACE('',(#223),#3068,.T.);
#3230=ADVANCED_FACE('',(#224),#156,.T.);
#3231=ADVANCED_FACE('',(#225),#3069,.T.);
#3232=ADVANCED_FACE('',(#226),#3070,.F.);
#3233=ADVANCED_FACE('',(#227),#3071,.T.);
#3234=ADVANCED_FACE('',(#228),#3072,.T.);
#3235=ADVANCED_FACE('',(#229),#3073,.F.);
#3236=ADVANCED_FACE('',(#230,#81),#3074,.F.);
#3237=ADVANCED_FACE('',(#231),#3075,.T.);
#3238=ADVANCED_FACE('',(#232),#157,.F.);
#3239=ADVANCED_FACE('',(#233),#3076,.T.);
#3240=ADVANCED_FACE('',(#234),#3077,.F.);
#3241=ADVANCED_FACE('',(#235),#3078,.T.);
#3242=ADVANCED_FACE('',(#236),#3079,.F.);
#3243=ADVANCED_FACE('',(#237),#3080,.F.);
#3244=ADVANCED_FACE('',(#238),#3081,.T.);
#3245=ADVANCED_FACE('',(#239),#3082,.F.);
#3246=ADVANCED_FACE('',(#240),#3083,.T.);
#3247=ADVANCED_FACE('',(#241),#3084,.T.);
#3248=ADVANCED_FACE('',(#242),#3085,.T.);
#3249=ADVANCED_FACE('',(#243),#3086,.T.);
#3250=ADVANCED_FACE('',(#244),#3087,.T.);
#3251=ADVANCED_FACE('',(#245),#3088,.T.);
#3252=ADVANCED_FACE('',(#246),#3089,.F.);
#3253=ADVANCED_FACE('',(#247),#3090,.T.);
#3254=ADVANCED_FACE('',(#248),#3091,.T.);
#3255=ADVANCED_FACE('',(#249),#3092,.T.);
#3256=ADVANCED_FACE('',(#250),#3093,.T.);
#3257=ADVANCED_FACE('',(#251),#3094,.T.);
#3258=ADVANCED_FACE('',(#252),#3095,.T.);
#3259=ADVANCED_FACE('',(#253),#3096,.T.);
#3260=ADVANCED_FACE('',(#254),#3097,.T.);
#3261=ADVANCED_FACE('',(#255),#3098,.T.);
#3262=ADVANCED_FACE('',(#256),#3099,.T.);
#3263=ADVANCED_FACE('',(#257),#3100,.T.);
#3264=ADVANCED_FACE('',(#258),#3101,.F.);
#3265=ADVANCED_FACE('',(#259),#3102,.T.);
#3266=ADVANCED_FACE('',(#260),#3103,.T.);
#3267=ADVANCED_FACE('',(#261),#3104,.T.);
#3268=ADVANCED_FACE('',(#262),#3105,.T.);
#3269=ADVANCED_FACE('',(#263),#3106,.T.);
#3270=ADVANCED_FACE('',(#264),#3107,.T.);
#3271=ADVANCED_FACE('',(#265),#3108,.T.);
#3272=ADVANCED_FACE('',(#266,#82),#3109,.F.);
#3273=ADVANCED_FACE('',(#267),#3110,.F.);
#3274=ADVANCED_FACE('',(#268,#83,#84),#3111,.F.);
#3275=ADVANCED_FACE('',(#269),#158,.F.);
#3276=ADVANCED_FACE('',(#270),#3112,.T.);
#3277=ADVANCED_FACE('',(#271),#159,.F.);
#3278=ADVANCED_FACE('',(#272),#3113,.F.);
#3279=ADVANCED_FACE('',(#273),#3114,.F.);
#3280=ADVANCED_FACE('',(#274),#3115,.F.);
#3281=ADVANCED_FACE('',(#275),#3116,.F.);
#3282=ADVANCED_FACE('',(#276),#3117,.T.);
#3283=ADVANCED_FACE('',(#277,#85),#3118,.T.);
#3284=ADVANCED_FACE('',(#278),#3119,.T.);
#3285=ADVANCED_FACE('',(#279,#86,#87),#3120,.T.);
#3286=ADVANCED_FACE('',(#280),#3121,.F.);
#3287=ADVANCED_FACE('',(#281),#160,.T.);
#3288=ADVANCED_FACE('',(#282),#3122,.F.);
#3289=ADVANCED_FACE('',(#283),#3123,.F.);
#3290=ADVANCED_FACE('',(#284),#3124,.F.);
#3291=ADVANCED_FACE('',(#285),#3125,.F.);
#3292=ADVANCED_FACE('',(#286),#3126,.F.);
#3293=ADVANCED_FACE('',(#287),#3127,.F.);
#3294=ADVANCED_FACE('',(#288),#3128,.T.);
#3295=ADVANCED_FACE('',(#289,#88),#3129,.F.);
#3296=ADVANCED_FACE('',(#290),#3130,.T.);
#3297=ADVANCED_FACE('',(#291),#3131,.T.);
#3298=ADVANCED_FACE('',(#292),#3132,.F.);
#3299=ADVANCED_FACE('',(#293),#161,.T.);
#3300=ADVANCED_FACE('',(#294,#89),#3133,.F.);
#3301=ADVANCED_FACE('',(#295,#90),#3134,.F.);
#3302=ADVANCED_FACE('',(#296),#3135,.T.);
#3303=ADVANCED_FACE('',(#297),#3136,.T.);
#3304=ADVANCED_FACE('',(#298),#3137,.T.);
#3305=ADVANCED_FACE('',(#299),#3138,.T.);
#3306=ADVANCED_FACE('',(#300),#3139,.T.);
#3307=ADVANCED_FACE('',(#301),#3140,.F.);
#3308=ADVANCED_FACE('',(#302),#3141,.F.);
#3309=ADVANCED_FACE('',(#303),#3142,.F.);
#3310=ADVANCED_FACE('',(#304),#3143,.F.);
#3311=ADVANCED_FACE('',(#305),#3144,.F.);
#3312=ADVANCED_FACE('',(#306,#91),#3145,.T.);
#3313=ADVANCED_FACE('',(#307),#3146,.T.);
#3314=ADVANCED_FACE('',(#308),#162,.F.);
#3315=ADVANCED_FACE('',(#309),#3147,.F.);
#3316=ADVANCED_FACE('',(#310),#163,.T.);
#3317=ADVANCED_FACE('',(#311),#3148,.F.);
#3318=ADVANCED_FACE('',(#312),#3149,.F.);
#3319=ADVANCED_FACE('',(#313),#3150,.F.);
#3320=ADVANCED_FACE('',(#314),#3151,.F.);
#3321=ADVANCED_FACE('',(#315),#3152,.F.);
#3322=ADVANCED_FACE('',(#316),#3153,.F.);
#3323=ADVANCED_FACE('',(#317),#3154,.F.);
#3324=ADVANCED_FACE('',(#318),#3155,.F.);
#3325=ADVANCED_FACE('',(#319),#3156,.F.);
#3326=ADVANCED_FACE('',(#320),#3157,.T.);
#3327=ADVANCED_FACE('',(#321),#3158,.T.);
#3328=ADVANCED_FACE('',(#322,#92),#3159,.T.);
#3329=ADVANCED_FACE('',(#323),#164,.T.);
#3330=ADVANCED_FACE('',(#324,#93,#94),#3160,.T.);
#3331=ADVANCED_FACE('',(#325),#165,.F.);
#3332=ADVANCED_FACE('',(#326),#3161,.T.);
#3333=ADVANCED_FACE('',(#327),#166,.T.);
#3334=ADVANCED_FACE('',(#328),#3162,.T.);
#3335=ADVANCED_FACE('',(#329),#167,.T.);
#3336=ADVANCED_FACE('',(#330),#168,.T.);
#3337=ADVANCED_FACE('',(#331),#3163,.T.);
#3338=ADVANCED_FACE('',(#332),#169,.T.);
#3339=ADVANCED_FACE('',(#333),#3164,.T.);
#3340=ADVANCED_FACE('',(#334),#170,.T.);
#3341=ADVANCED_FACE('',(#335),#3165,.T.);
#3342=ADVANCED_FACE('',(#336),#3166,.T.);
#3343=ADVANCED_FACE('',(#337,#95),#3167,.F.);
#3344=ADVANCED_FACE('',(#338),#3168,.F.);
#3345=ADVANCED_FACE('',(#339,#96),#3169,.F.);
#3346=ADVANCED_FACE('',(#340,#97,#98),#3170,.F.);
#3347=ADVANCED_FACE('',(#341),#3171,.F.);
#3348=ADVANCED_FACE('',(#342),#3172,.F.);
#3349=ADVANCED_FACE('',(#343),#3173,.T.);
#3350=ADVANCED_FACE('',(#344),#3174,.T.);
#3351=ADVANCED_FACE('',(#345),#171,.T.);
#3352=ADVANCED_FACE('',(#346),#3175,.T.);
#3353=ADVANCED_FACE('',(#347),#3176,.T.);
#3354=ADVANCED_FACE('',(#348),#172,.T.);
#3355=ADVANCED_FACE('',(#349),#173,.T.);
#3356=ADVANCED_FACE('',(#350),#3177,.T.);
#3357=ADVANCED_FACE('',(#351),#174,.T.);
#3358=ADVANCED_FACE('',(#352),#3178,.T.);
#3359=ADVANCED_FACE('',(#353),#3179,.T.);
#3360=ADVANCED_FACE('',(#354),#3180,.F.);
#3361=CLOSED_SHELL('',(#3181,#3182,#3183,#3184,#3185,#3186));
#3362=CLOSED_SHELL('',(#3187,#3188,#3189,#3190,#3191,#3192,#3193,#3194,
#3195,#3196));
#3363=CLOSED_SHELL('',(#3197,#3198,#3199,#3200,#3201,#3202));
#3364=CLOSED_SHELL('',(#3203,#3204,#3205));
#3365=CLOSED_SHELL('',(#3206,#3207,#3208,#3209,#3210,#3211,#3212,#3213,
#3214,#3215,#3216,#3217));
#3366=CLOSED_SHELL('',(#3218,#3219,#3220,#3221,#3222,#3223));
#3367=CLOSED_SHELL('',(#3224,#3225,#3226,#3227,#3228,#3229));
#3368=CLOSED_SHELL('',(#3230,#3231,#3232));
#3369=CLOSED_SHELL('',(#3233,#3234,#3235,#3236,#3237,#3238,#3239,#3240,
#3241,#3242,#3243,#3244));
#3370=CLOSED_SHELL('',(#3245,#3246,#3247,#3248,#3249,#3250,#3251,#3252,
#3253,#3254,#3255,#3256,#3257,#3258,#3259,#3260,#3261,#3262,#3263,#3264));
#3371=CLOSED_SHELL('',(#3265,#3266,#3267,#3268,#3269,#3270,#3271,#3272,
#3273,#3274,#3275,#3276,#3277,#3278,#3279,#3280,#3281,#3282,#3283,#3284,
#3285,#3286,#3287,#3288,#3289,#3290,#3291,#3292,#3293,#3294,#3295,#3296,
#3297,#3298,#3299,#3300,#3301));
#3372=CLOSED_SHELL('',(#3302,#3303,#3304,#3305,#3306,#3307));
#3373=CLOSED_SHELL('',(#3308,#3309,#3310,#3311,#3312,#3313,#3314,#3315,
#3316,#3317,#3318,#3319,#3320,#3321,#3322,#3323,#3324,#3325,#3326,#3327,
#3328,#3329,#3330,#3331,#3332,#3333,#3334,#3335,#3336,#3337,#3338,#3339,
#3340,#3341,#3342,#3343,#3344,#3345,#3346,#3347,#3348,#3349,#3350));
#3374=CLOSED_SHELL('',(#3351,#3352,#3353,#3354,#3355,#3356,#3357,#3358,
#3359,#3360));
#3375=DERIVED_UNIT_ELEMENT(#3397,1.);
#3376=DERIVED_UNIT_ELEMENT(#5709,-3.);
#3377=DERIVED_UNIT_ELEMENT(#3397,1.);
#3378=DERIVED_UNIT_ELEMENT(#5709,-3.);
#3379=DERIVED_UNIT_ELEMENT(#3397,1.);
#3380=DERIVED_UNIT_ELEMENT(#5709,-3.);
#3381=DERIVED_UNIT_ELEMENT(#3397,1.);
#3382=DERIVED_UNIT_ELEMENT(#5709,-3.);
#3383=DERIVED_UNIT_ELEMENT(#3397,1.);
#3384=DERIVED_UNIT_ELEMENT(#5709,-3.);
#3385=DERIVED_UNIT_ELEMENT(#3397,1.);
#3386=DERIVED_UNIT_ELEMENT(#5709,-3.);
#3387=DERIVED_UNIT_ELEMENT(#3397,1.);
#3388=DERIVED_UNIT_ELEMENT(#5709,-3.);
#3389=DERIVED_UNIT_ELEMENT(#3397,1.);
#3390=DERIVED_UNIT_ELEMENT(#5709,-3.);
#3391=DERIVED_UNIT_ELEMENT(#3397,1.);
#3392=DERIVED_UNIT_ELEMENT(#5709,-3.);
#3393=DERIVED_UNIT_ELEMENT(#3397,1.);
#3394=DERIVED_UNIT_ELEMENT(#5709,-3.);
#3395=DERIVED_UNIT_ELEMENT(#3397,1.);
#3396=DERIVED_UNIT_ELEMENT(#5709,-3.);
#3397=(
MASS_UNIT()
NAMED_UNIT(*)
SI_UNIT(.KILO.,.GRAM.)
);
#3398=DERIVED_UNIT((#3375,#3376));
#3399=DERIVED_UNIT((#3377,#3378));
#3400=DERIVED_UNIT((#3379,#3380));
#3401=DERIVED_UNIT((#3381,#3382));
#3402=DERIVED_UNIT((#3383,#3384));
#3403=DERIVED_UNIT((#3385,#3386));
#3404=DERIVED_UNIT((#3387,#3388));
#3405=DERIVED_UNIT((#3389,#3390));
#3406=DERIVED_UNIT((#3391,#3392));
#3407=DERIVED_UNIT((#3393,#3394));
#3408=DERIVED_UNIT((#3395,#3396));
#3409=MEASURE_REPRESENTATION_ITEM('density measure',
POSITIVE_RATIO_MEASURE(7850.),#3398);
#3410=MEASURE_REPRESENTATION_ITEM('density measure',
POSITIVE_RATIO_MEASURE(7850.),#3399);
#3411=MEASURE_REPRESENTATION_ITEM('density measure',
POSITIVE_RATIO_MEASURE(7850.),#3400);
#3412=MEASURE_REPRESENTATION_ITEM('density measure',
POSITIVE_RATIO_MEASURE(7850.),#3401);
#3413=MEASURE_REPRESENTATION_ITEM('density measure',
POSITIVE_RATIO_MEASURE(7850.),#3402);
#3414=MEASURE_REPRESENTATION_ITEM('density measure',
POSITIVE_RATIO_MEASURE(7850.),#3403);
#3415=MEASURE_REPRESENTATION_ITEM('density measure',
POSITIVE_RATIO_MEASURE(7850.),#3404);
#3416=MEASURE_REPRESENTATION_ITEM('density measure',
POSITIVE_RATIO_MEASURE(7850.),#3405);
#3417=MEASURE_REPRESENTATION_ITEM('density measure',
POSITIVE_RATIO_MEASURE(7850.),#3406);
#3418=MEASURE_REPRESENTATION_ITEM('density measure',
POSITIVE_RATIO_MEASURE(7850.),#3407);
#3419=MEASURE_REPRESENTATION_ITEM('density measure',
POSITIVE_RATIO_MEASURE(7850.),#3408);
#3420=PROPERTY_DEFINITION_REPRESENTATION(#3475,#3442);
#3421=PROPERTY_DEFINITION_REPRESENTATION(#3476,#3443);
#3422=PROPERTY_DEFINITION_REPRESENTATION(#3477,#3444);
#3423=PROPERTY_DEFINITION_REPRESENTATION(#3478,#3445);
#3424=PROPERTY_DEFINITION_REPRESENTATION(#3479,#3446);
#3425=PROPERTY_DEFINITION_REPRESENTATION(#3480,#3447);
#3426=PROPERTY_DEFINITION_REPRESENTATION(#3481,#3448);
#3427=PROPERTY_DEFINITION_REPRESENTATION(#3482,#3449);
#3428=PROPERTY_DEFINITION_REPRESENTATION(#3483,#3450);
#3429=PROPERTY_DEFINITION_REPRESENTATION(#3484,#3451);
#3430=PROPERTY_DEFINITION_REPRESENTATION(#3485,#3452);
#3431=PROPERTY_DEFINITION_REPRESENTATION(#3486,#3453);
#3432=PROPERTY_DEFINITION_REPRESENTATION(#3487,#3454);
#3433=PROPERTY_DEFINITION_REPRESENTATION(#3488,#3455);
#3434=PROPERTY_DEFINITION_REPRESENTATION(#3489,#3456);
#3435=PROPERTY_DEFINITION_REPRESENTATION(#3490,#3457);
#3436=PROPERTY_DEFINITION_REPRESENTATION(#3491,#3458);
#3437=PROPERTY_DEFINITION_REPRESENTATION(#3492,#3459);
#3438=PROPERTY_DEFINITION_REPRESENTATION(#3493,#3460);
#3439=PROPERTY_DEFINITION_REPRESENTATION(#3494,#3461);
#3440=PROPERTY_DEFINITION_REPRESENTATION(#3495,#3462);
#3441=PROPERTY_DEFINITION_REPRESENTATION(#3496,#3463);
#3442=REPRESENTATION('material name',(#3464),#5695);
#3443=REPRESENTATION('density',(#3409),#5695);
#3444=REPRESENTATION('material name',(#3465),#5696);
#3445=REPRESENTATION('density',(#3410),#5696);
#3446=REPRESENTATION('material name',(#3466),#5697);
#3447=REPRESENTATION('density',(#3411),#5697);
#3448=REPRESENTATION('material name',(#3467),#5698);
#3449=REPRESENTATION('density',(#3412),#5698);
#3450=REPRESENTATION('material name',(#3468),#5699);
#3451=REPRESENTATION('density',(#3413),#5699);
#3452=REPRESENTATION('material name',(#3469),#5701);
#3453=REPRESENTATION('density',(#3414),#5701);
#3454=REPRESENTATION('material name',(#3470),#5702);
#3455=REPRESENTATION('density',(#3415),#5702);
#3456=REPRESENTATION('material name',(#3471),#5703);
#3457=REPRESENTATION('density',(#3416),#5703);
#3458=REPRESENTATION('material name',(#3472),#5704);
#3459=REPRESENTATION('density',(#3417),#5704);
#3460=REPRESENTATION('material name',(#3473),#5705);
#3461=REPRESENTATION('density',(#3418),#5705);
#3462=REPRESENTATION('material name',(#3474),#5706);
#3463=REPRESENTATION('density',(#3419),#5706);
#3464=DESCRIPTIVE_REPRESENTATION_ITEM('Steel','Steel');
#3465=DESCRIPTIVE_REPRESENTATION_ITEM('Steel','Steel');
#3466=DESCRIPTIVE_REPRESENTATION_ITEM('Steel','Steel');
#3467=DESCRIPTIVE_REPRESENTATION_ITEM('Steel','Steel');
#3468=DESCRIPTIVE_REPRESENTATION_ITEM('Steel','Steel');
#3469=DESCRIPTIVE_REPRESENTATION_ITEM('Steel','Steel');
#3470=DESCRIPTIVE_REPRESENTATION_ITEM('Steel','Steel');
#3471=DESCRIPTIVE_REPRESENTATION_ITEM('Steel','Steel');
#3472=DESCRIPTIVE_REPRESENTATION_ITEM('Steel','Steel');
#3473=DESCRIPTIVE_REPRESENTATION_ITEM('Steel','Steel');
#3474=DESCRIPTIVE_REPRESENTATION_ITEM('Steel','Steel');
#3475=PROPERTY_DEFINITION('material property','material name',#5775);
#3476=PROPERTY_DEFINITION('material property','density of part',#5775);
#3477=PROPERTY_DEFINITION('material property','material name',#5776);
#3478=PROPERTY_DEFINITION('material property','density of part',#5776);
#3479=PROPERTY_DEFINITION('material property','material name',#5777);
#3480=PROPERTY_DEFINITION('material property','density of part',#5777);
#3481=PROPERTY_DEFINITION('material property','material name',#5778);
#3482=PROPERTY_DEFINITION('material property','density of part',#5778);
#3483=PROPERTY_DEFINITION('material property','material name',#5779);
#3484=PROPERTY_DEFINITION('material property','density of part',#5779);
#3485=PROPERTY_DEFINITION('material property','material name',#5781);
#3486=PROPERTY_DEFINITION('material property','density of part',#5781);
#3487=PROPERTY_DEFINITION('material property','material name',#5782);
#3488=PROPERTY_DEFINITION('material property','density of part',#5782);
#3489=PROPERTY_DEFINITION('material property','material name',#5783);
#3490=PROPERTY_DEFINITION('material property','density of part',#5783);
#3491=PROPERTY_DEFINITION('material property','material name',#5784);
#3492=PROPERTY_DEFINITION('material property','density of part',#5784);
#3493=PROPERTY_DEFINITION('material property','material name',#5785);
#3494=PROPERTY_DEFINITION('material property','density of part',#5785);
#3495=PROPERTY_DEFINITION('material property','material name',#5786);
#3496=PROPERTY_DEFINITION('material property','density of part',#5786);
#3497=AXIS2_PLACEMENT_3D('',#4667,#3756,#3757);
#3498=AXIS2_PLACEMENT_3D('',#4668,#3758,#3759);
#3499=AXIS2_PLACEMENT_3D('',#4669,#3760,#3761);
#3500=AXIS2_PLACEMENT_3D('',#4670,#3762,#3763);
#3501=AXIS2_PLACEMENT_3D('',#4671,#3764,#3765);
#3502=AXIS2_PLACEMENT_3D('',#4672,#3766,#3767);
#3503=AXIS2_PLACEMENT_3D('',#4675,#3768,#3769);
#3504=AXIS2_PLACEMENT_3D('',#4681,#3773,#3774);
#3505=AXIS2_PLACEMENT_3D('',#4685,#3776,#3777);
#3506=AXIS2_PLACEMENT_3D('',#4687,#3779,#3780);
#3507=AXIS2_PLACEMENT_3D('',#4691,#3783,#3784);
#3508=AXIS2_PLACEMENT_3D('',#4695,#3787,#3788);
#3509=AXIS2_PLACEMENT_3D('',#4697,#3790,#3791);
#3510=AXIS2_PLACEMENT_3D('',#4698,#3792,#3793);
#3511=AXIS2_PLACEMENT_3D('',#4699,#3794,#3795);
#3512=AXIS2_PLACEMENT_3D('',#4708,#3800,#3801);
#3513=AXIS2_PLACEMENT_3D('',#4722,#3809,#3810);
#3514=AXIS2_PLACEMENT_3D('',#4726,#3813,#3814);
#3515=AXIS2_PLACEMENT_3D('',#4730,#3817,#3818);
#3516=AXIS2_PLACEMENT_3D('',#4732,#3820,#3821);
#3517=AXIS2_PLACEMENT_3D('',#4738,#3825,#3826);
#3518=AXIS2_PLACEMENT_3D('',#4742,#3829,#3830);
#3519=AXIS2_PLACEMENT_3D('',#4746,#3833,#3834);
#3520=AXIS2_PLACEMENT_3D('',#4748,#3836,#3837);
#3521=AXIS2_PLACEMENT_3D('',#4749,#3838,#3839);
#3522=AXIS2_PLACEMENT_3D('',#4750,#3840,#3841);
#3523=AXIS2_PLACEMENT_3D('',#4759,#3846,#3847);
#3524=AXIS2_PLACEMENT_3D('',#4765,#3851,#3852);
#3525=AXIS2_PLACEMENT_3D('',#4769,#3855,#3856);
#3526=AXIS2_PLACEMENT_3D('',#4773,#3859,#3860);
#3527=AXIS2_PLACEMENT_3D('',#4775,#3862,#3863);
#3528=AXIS2_PLACEMENT_3D('',#4776,#3864,#3865);
#3529=AXIS2_PLACEMENT_3D('',#4777,#3866,#3867);
#3530=AXIS2_PLACEMENT_3D('',#4779,#3868,#3869);
#3531=AXIS2_PLACEMENT_3D('',#4782,#3871,#3872);
#3532=AXIS2_PLACEMENT_3D('',#4783,#3873,#3874);
#3533=AXIS2_PLACEMENT_3D('',#4784,#3875,#3876);
#3534=AXIS2_PLACEMENT_3D('',#4785,#3877,#3878);
#3535=AXIS2_PLACEMENT_3D('',#4794,#3883,#3884);
#3536=AXIS2_PLACEMENT_3D('',#4800,#3888,#3889);
#3537=AXIS2_PLACEMENT_3D('',#4806,#3893,#3894);
#3538=AXIS2_PLACEMENT_3D('',#4817,#3900,#3901);
#3539=AXIS2_PLACEMENT_3D('',#4818,#3902,#3903);
#3540=AXIS2_PLACEMENT_3D('',#4828,#3909,#3910);
#3541=AXIS2_PLACEMENT_3D('',#4831,#3912,#3913);
#3542=AXIS2_PLACEMENT_3D('',#4832,#3914,#3915);
#3543=AXIS2_PLACEMENT_3D('',#4833,#3916,#3917);
#3544=AXIS2_PLACEMENT_3D('',#4836,#3920,#3921);
#3545=AXIS2_PLACEMENT_3D('',#4838,#3923,#3924);
#3546=AXIS2_PLACEMENT_3D('',#4840,#3926,#3927);
#3547=AXIS2_PLACEMENT_3D('',#4841,#3928,#3929);
#3548=AXIS2_PLACEMENT_3D('',#4842,#3930,#3931);
#3549=AXIS2_PLACEMENT_3D('',#4843,#3932,#3933);
#3550=AXIS2_PLACEMENT_3D('',#4844,#3934,#3935);
#3551=AXIS2_PLACEMENT_3D('',#4845,#3936,#3937);
#3552=AXIS2_PLACEMENT_3D('',#4846,#3938,#3939);
#3553=AXIS2_PLACEMENT_3D('',#4847,#3940,#3941);
#3554=AXIS2_PLACEMENT_3D('',#4848,#3942,#3943);
#3555=AXIS2_PLACEMENT_3D('',#4849,#3944,#3945);
#3556=AXIS2_PLACEMENT_3D('',#4850,#3946,#3947);
#3557=AXIS2_PLACEMENT_3D('',#4853,#3948,#3949);
#3558=AXIS2_PLACEMENT_3D('',#4859,#3953,#3954);
#3559=AXIS2_PLACEMENT_3D('',#4863,#3956,#3957);
#3560=AXIS2_PLACEMENT_3D('',#4865,#3959,#3960);
#3561=AXIS2_PLACEMENT_3D('',#4869,#3963,#3964);
#3562=AXIS2_PLACEMENT_3D('',#4873,#3967,#3968);
#3563=AXIS2_PLACEMENT_3D('',#4875,#3970,#3971);
#3564=AXIS2_PLACEMENT_3D('',#4876,#3972,#3973);
#3565=AXIS2_PLACEMENT_3D('',#4877,#3974,#3975);
#3566=AXIS2_PLACEMENT_3D('',#4886,#3980,#3981);
#3567=AXIS2_PLACEMENT_3D('',#4895,#3986,#3987);
#3568=AXIS2_PLACEMENT_3D('',#4898,#3990,#3991);
#3569=AXIS2_PLACEMENT_3D('',#4900,#3993,#3994);
#3570=AXIS2_PLACEMENT_3D('',#4902,#3996,#3997);
#3571=AXIS2_PLACEMENT_3D('',#4903,#3998,#3999);
#3572=AXIS2_PLACEMENT_3D('',#4904,#4000,#4001);
#3573=AXIS2_PLACEMENT_3D('',#4906,#4002,#4003);
#3574=AXIS2_PLACEMENT_3D('',#4909,#4005,#4006);
#3575=AXIS2_PLACEMENT_3D('',#4910,#4007,#4008);
#3576=AXIS2_PLACEMENT_3D('',#4911,#4009,#4010);
#3577=AXIS2_PLACEMENT_3D('',#4912,#4011,#4012);
#3578=AXIS2_PLACEMENT_3D('',#4913,#4013,#4014);
#3579=AXIS2_PLACEMENT_3D('',#4922,#4019,#4020);
#3580=AXIS2_PLACEMENT_3D('',#4928,#4024,#4025);
#3581=AXIS2_PLACEMENT_3D('',#4934,#4029,#4030);
#3582=AXIS2_PLACEMENT_3D('',#4945,#4036,#4037);
#3583=AXIS2_PLACEMENT_3D('',#4946,#4038,#4039);
#3584=AXIS2_PLACEMENT_3D('',#4956,#4045,#4046);
#3585=AXIS2_PLACEMENT_3D('',#4959,#4048,#4049);
#3586=AXIS2_PLACEMENT_3D('',#4960,#4050,#4051);
#3587=AXIS2_PLACEMENT_3D('',#4961,#4052,#4053);
#3588=AXIS2_PLACEMENT_3D('',#4964,#4056,#4057);
#3589=AXIS2_PLACEMENT_3D('',#4966,#4059,#4060);
#3590=AXIS2_PLACEMENT_3D('',#4968,#4062,#4063);
#3591=AXIS2_PLACEMENT_3D('',#4969,#4064,#4065);
#3592=AXIS2_PLACEMENT_3D('',#4970,#4066,#4067);
#3593=AXIS2_PLACEMENT_3D('',#4971,#4068,#4069);
#3594=AXIS2_PLACEMENT_3D('',#4980,#4074,#4075);
#3595=AXIS2_PLACEMENT_3D('',#4986,#4079,#4080);
#3596=AXIS2_PLACEMENT_3D('',#4990,#4083,#4084);
#3597=AXIS2_PLACEMENT_3D('',#4994,#4087,#4088);
#3598=AXIS2_PLACEMENT_3D('',#5003,#4093,#4094);
#3599=AXIS2_PLACEMENT_3D('',#5012,#4099,#4100);
#3600=AXIS2_PLACEMENT_3D('',#5021,#4105,#4106);
#3601=AXIS2_PLACEMENT_3D('',#5031,#4112,#4113);
#3602=AXIS2_PLACEMENT_3D('',#5037,#4117,#4118);
#3603=AXIS2_PLACEMENT_3D('',#5042,#4122,#4123);
#3604=AXIS2_PLACEMENT_3D('',#5048,#4127,#4128);
#3605=AXIS2_PLACEMENT_3D('',#5052,#4131,#4132);
#3606=AXIS2_PLACEMENT_3D('',#5058,#4136,#4137);
#3607=AXIS2_PLACEMENT_3D('',#5062,#4140,#4141);
#3608=AXIS2_PLACEMENT_3D('',#5066,#4144,#4145);
#3609=AXIS2_PLACEMENT_3D('',#5070,#4148,#4149);
#3610=AXIS2_PLACEMENT_3D('',#5074,#4152,#4153);
#3611=AXIS2_PLACEMENT_3D('',#5078,#4157,#4158);
#3612=AXIS2_PLACEMENT_3D('',#5080,#4160,#4161);
#3613=AXIS2_PLACEMENT_3D('',#5081,#4162,#4163);
#3614=AXIS2_PLACEMENT_3D('',#5082,#4164,#4165);
#3615=AXIS2_PLACEMENT_3D('',#5083,#4166,#4167);
#3616=AXIS2_PLACEMENT_3D('',#5084,#4168,#4169);
#3617=AXIS2_PLACEMENT_3D('',#5085,#4170,#4171);
#3618=AXIS2_PLACEMENT_3D('',#5086,#4172,#4173);
#3619=AXIS2_PLACEMENT_3D('',#5087,#4174,#4175);
#3620=AXIS2_PLACEMENT_3D('',#5096,#4180,#4181);
#3621=AXIS2_PLACEMENT_3D('',#5105,#4186,#4187);
#3622=AXIS2_PLACEMENT_3D('',#5114,#4192,#4193);
#3623=AXIS2_PLACEMENT_3D('',#5123,#4198,#4199);
#3624=AXIS2_PLACEMENT_3D('',#5129,#4203,#4204);
#3625=AXIS2_PLACEMENT_3D('',#5135,#4208,#4209);
#3626=AXIS2_PLACEMENT_3D('',#5141,#4213,#4214);
#3627=AXIS2_PLACEMENT_3D('',#5155,#4222,#4223);
#3628=AXIS2_PLACEMENT_3D('',#5161,#4227,#4228);
#3629=AXIS2_PLACEMENT_3D('',#5188,#4244,#4245);
#3630=AXIS2_PLACEMENT_3D('',#5190,#4246,#4247);
#3631=AXIS2_PLACEMENT_3D('',#5193,#4249,#4250);
#3632=AXIS2_PLACEMENT_3D('',#5194,#4251,#4252);
#3633=AXIS2_PLACEMENT_3D('',#5198,#4254,#4255);
#3634=AXIS2_PLACEMENT_3D('',#5199,#4256,#4257);
#3635=AXIS2_PLACEMENT_3D('',#5201,#4258,#4259);
#3636=AXIS2_PLACEMENT_3D('',#5205,#4261,#4262);
#3637=AXIS2_PLACEMENT_3D('',#5209,#4265,#4266);
#3638=AXIS2_PLACEMENT_3D('',#5210,#4267,#4268);
#3639=AXIS2_PLACEMENT_3D('',#5215,#4271,#4272);
#3640=AXIS2_PLACEMENT_3D('',#5219,#4274,#4275);
#3641=AXIS2_PLACEMENT_3D('',#5225,#4279,#4280);
#3642=AXIS2_PLACEMENT_3D('',#5229,#4283,#4284);
#3643=AXIS2_PLACEMENT_3D('',#5233,#4287,#4288);
#3644=AXIS2_PLACEMENT_3D('',#5239,#4292,#4293);
#3645=AXIS2_PLACEMENT_3D('',#5241,#4295,#4296);
#3646=AXIS2_PLACEMENT_3D('',#5253,#4303,#4304);
#3647=AXIS2_PLACEMENT_3D('',#5255,#4306,#4307);
#3648=AXIS2_PLACEMENT_3D('',#5268,#4316,#4317);
#3649=AXIS2_PLACEMENT_3D('',#5274,#4321,#4322);
#3650=AXIS2_PLACEMENT_3D('',#5276,#4323,#4324);
#3651=AXIS2_PLACEMENT_3D('',#5278,#4326,#4327);
#3652=AXIS2_PLACEMENT_3D('',#5280,#4329,#4330);
#3653=AXIS2_PLACEMENT_3D('',#5281,#4331,#4332);
#3654=AXIS2_PLACEMENT_3D('',#5284,#4335,#4336);
#3655=AXIS2_PLACEMENT_3D('',#5286,#4338,#4339);
#3656=AXIS2_PLACEMENT_3D('',#5288,#4341,#4342);
#3657=AXIS2_PLACEMENT_3D('',#5289,#4343,#4344);
#3658=AXIS2_PLACEMENT_3D('',#5291,#4346,#4347);
#3659=AXIS2_PLACEMENT_3D('',#5292,#4348,#4349);
#3660=AXIS2_PLACEMENT_3D('',#5296,#4352,#4353);
#3661=AXIS2_PLACEMENT_3D('',#5298,#4355,#4356);
#3662=AXIS2_PLACEMENT_3D('',#5299,#4357,#4358);
#3663=AXIS2_PLACEMENT_3D('',#5301,#4360,#4361);
#3664=AXIS2_PLACEMENT_3D('',#5302,#4362,#4363);
#3665=AXIS2_PLACEMENT_3D('',#5303,#4364,#4365);
#3666=AXIS2_PLACEMENT_3D('',#5304,#4366,#4367);
#3667=AXIS2_PLACEMENT_3D('',#5313,#4372,#4373);
#3668=AXIS2_PLACEMENT_3D('',#5319,#4377,#4378);
#3669=AXIS2_PLACEMENT_3D('',#5325,#4382,#4383);
#3670=AXIS2_PLACEMENT_3D('',#5328,#4386,#4387);
#3671=AXIS2_PLACEMENT_3D('',#5329,#4388,#4389);
#3672=AXIS2_PLACEMENT_3D('',#5330,#4390,#4391);
#3673=AXIS2_PLACEMENT_3D('',#5331,#4392,#4393);
#3674=AXIS2_PLACEMENT_3D('',#5332,#4394,#4395);
#3675=AXIS2_PLACEMENT_3D('',#5341,#4400,#4401);
#3676=AXIS2_PLACEMENT_3D('',#5347,#4405,#4406);
#3677=AXIS2_PLACEMENT_3D('',#5353,#4410,#4411);
#3678=AXIS2_PLACEMENT_3D('',#5356,#4414,#4415);
#3679=AXIS2_PLACEMENT_3D('',#5361,#4417,#4418);
#3680=AXIS2_PLACEMENT_3D('',#5365,#4420,#4421);
#3681=AXIS2_PLACEMENT_3D('',#5368,#4423,#4424);
#3682=AXIS2_PLACEMENT_3D('',#5371,#4425,#4426);
#3683=AXIS2_PLACEMENT_3D('',#5375,#4428,#4429);
#3684=AXIS2_PLACEMENT_3D('',#5377,#4431,#4432);
#3685=AXIS2_PLACEMENT_3D('',#5383,#4436,#4437);
#3686=AXIS2_PLACEMENT_3D('',#5386,#4439,#4440);
#3687=AXIS2_PLACEMENT_3D('',#5387,#4441,#4442);
#3688=AXIS2_PLACEMENT_3D('',#5393,#4446,#4447);
#3689=AXIS2_PLACEMENT_3D('',#5397,#4449,#4450);
#3690=AXIS2_PLACEMENT_3D('',#5416,#4452,#4453);
#3691=AXIS2_PLACEMENT_3D('',#5418,#4454,#4455);
#3692=AXIS2_PLACEMENT_3D('',#5438,#4457,#4458);
#3693=AXIS2_PLACEMENT_3D('',#5439,#4459,#4460);
#3694=AXIS2_PLACEMENT_3D('',#5443,#4463,#4464);
#3695=AXIS2_PLACEMENT_3D('',#5452,#4469,#4470);
#3696=AXIS2_PLACEMENT_3D('',#5461,#4475,#4476);
#3697=AXIS2_PLACEMENT_3D('',#5467,#4480,#4481);
#3698=AXIS2_PLACEMENT_3D('',#5473,#4485,#4486);
#3699=AXIS2_PLACEMENT_3D('',#5479,#4490,#4491);
#3700=AXIS2_PLACEMENT_3D('',#5482,#4494,#4495);
#3701=AXIS2_PLACEMENT_3D('',#5488,#4499,#4500);
#3702=AXIS2_PLACEMENT_3D('',#5491,#4503,#4504);
#3703=AXIS2_PLACEMENT_3D('',#5493,#4505,#4506);
#3704=AXIS2_PLACEMENT_3D('',#5495,#4508,#4509);
#3705=AXIS2_PLACEMENT_3D('',#5498,#4511,#4512);
#3706=AXIS2_PLACEMENT_3D('',#5499,#4513,#4514);
#3707=AXIS2_PLACEMENT_3D('',#5511,#4521,#4522);
#3708=AXIS2_PLACEMENT_3D('',#5515,#4524,#4525);
#3709=AXIS2_PLACEMENT_3D('',#5532,#4526,#4527);
#3710=AXIS2_PLACEMENT_3D('',#5544,#4534,#4535);
#3711=AXIS2_PLACEMENT_3D('',#5546,#4536,#4537);
#3712=AXIS2_PLACEMENT_3D('',#5548,#4539,#4540);
#3713=AXIS2_PLACEMENT_3D('',#5550,#4542,#4543);
#3714=AXIS2_PLACEMENT_3D('',#5552,#4544,#4545);
#3715=AXIS2_PLACEMENT_3D('',#5554,#4547,#4548);
#3716=AXIS2_PLACEMENT_3D('',#5556,#4550,#4551);
#3717=AXIS2_PLACEMENT_3D('',#5558,#4552,#4553);
#3718=AXIS2_PLACEMENT_3D('',#5560,#4555,#4556);
#3719=AXIS2_PLACEMENT_3D('',#5562,#4557,#4558);
#3720=AXIS2_PLACEMENT_3D('',#5564,#4560,#4561);
#3721=AXIS2_PLACEMENT_3D('',#5566,#4563,#4564);
#3722=AXIS2_PLACEMENT_3D('',#5568,#4565,#4566);
#3723=AXIS2_PLACEMENT_3D('',#5585,#4568,#4569);
#3724=AXIS2_PLACEMENT_3D('',#5587,#4571,#4572);
#3725=AXIS2_PLACEMENT_3D('',#5589,#4573,#4574);
#3726=AXIS2_PLACEMENT_3D('',#5591,#4576,#4577);
#3727=AXIS2_PLACEMENT_3D('',#5593,#4579,#4580);
#3728=AXIS2_PLACEMENT_3D('',#5595,#4582,#4583);
#3729=AXIS2_PLACEMENT_3D('',#5604,#4588,#4589);
#3730=AXIS2_PLACEMENT_3D('',#5610,#4593,#4594);
#3731=AXIS2_PLACEMENT_3D('',#5614,#4597,#4598);
#3732=AXIS2_PLACEMENT_3D('',#5618,#4601,#4602);
#3733=AXIS2_PLACEMENT_3D('',#5620,#4604,#4605);
#3734=AXIS2_PLACEMENT_3D('',#5621,#4606,#4607);
#3735=AXIS2_PLACEMENT_3D('',#5623,#4609,#4610);
#3736=AXIS2_PLACEMENT_3D('',#5624,#4611,#4612);
#3737=AXIS2_PLACEMENT_3D('',#5627,#4613,#4614);
#3738=AXIS2_PLACEMENT_3D('',#5631,#4616,#4617);
#3739=AXIS2_PLACEMENT_3D('',#5633,#4619,#4620);
#3740=AXIS2_PLACEMENT_3D('',#5637,#4622,#4623);
#3741=AXIS2_PLACEMENT_3D('',#5641,#4625,#4626);
#3742=AXIS2_PLACEMENT_3D('',#5645,#4628,#4629);
#3743=AXIS2_PLACEMENT_3D('',#5647,#4631,#4632);
#3744=AXIS2_PLACEMENT_3D('',#5651,#4635,#4636);
#3745=AXIS2_PLACEMENT_3D('',#5653,#4637,#4638);
#3746=AXIS2_PLACEMENT_3D('',#5655,#4640,#4641);
#3747=AXIS2_PLACEMENT_3D('',#5659,#4643,#4644);
#3748=AXIS2_PLACEMENT_3D('',#5661,#4646,#4647);
#3749=AXIS2_PLACEMENT_3D('',#5665,#4650,#4651);
#3750=AXIS2_PLACEMENT_3D('',#5668,#4653,#4654);
#3751=AXIS2_PLACEMENT_3D('',#5669,#4655,#4656);
#3752=AXIS2_PLACEMENT_3D('',#5671,#4658,#4659);
#3753=AXIS2_PLACEMENT_3D('',#5673,#4661,#4662);
#3754=AXIS2_PLACEMENT_3D('',#5674,#4663,#4664);
#3755=AXIS2_PLACEMENT_3D('',#5675,#4665,#4666);
#3756=DIRECTION('axis',(0.,0.,1.));
#3757=DIRECTION('refdir',(1.,0.,0.));
#3758=DIRECTION('axis',(0.,0.,1.));
#3759=DIRECTION('refdir',(1.,0.,0.));
#3760=DIRECTION('axis',(0.,0.,1.));
#3761=DIRECTION('refdir',(1.,0.,0.));
#3762=DIRECTION('axis',(0.,0.,1.));
#3763=DIRECTION('refdir',(1.,0.,0.));
#3764=DIRECTION('axis',(0.,0.,1.));
#3765=DIRECTION('refdir',(1.,0.,0.));
#3766=DIRECTION('center_axis',(0.,0.,1.));
#3767=DIRECTION('ref_axis',(-1.,0.,0.));
#3768=DIRECTION('center_axis',(0.,0.,-1.));
#3769=DIRECTION('ref_axis',(-0.707106781186547,-0.707106781186547,0.));
#3770=DIRECTION('',(0.,-1.,0.));
#3771=DIRECTION('',(-1.,0.,0.));
#3772=DIRECTION('',(0.,-1.,0.));
#3773=DIRECTION('center_axis',(0.,0.,1.));
#3774=DIRECTION('ref_axis',(0.707106781186547,-0.707106781186547,0.));
#3775=DIRECTION('',(0.,0.,-1.));
#3776=DIRECTION('center_axis',(0.,0.,1.));
#3777=DIRECTION('ref_axis',(0.707106781186547,-0.707106781186547,0.));
#3778=DIRECTION('',(0.,0.,1.));
#3779=DIRECTION('center_axis',(1.,0.,0.));
#3780=DIRECTION('ref_axis',(0.,0.,1.));
#3781=DIRECTION('',(0.,-1.,0.));
#3782=DIRECTION('',(0.,0.,1.));
#3783=DIRECTION('center_axis',(0.,0.,-1.));
#3784=DIRECTION('ref_axis',(1.,0.,0.));
#3785=DIRECTION('',(0.,-1.,0.));
#3786=DIRECTION('',(1.,0.,0.));
#3787=DIRECTION('center_axis',(-1.,0.,0.));
#3788=DIRECTION('ref_axis',(0.,0.,-1.));
#3789=DIRECTION('',(0.,0.,-1.));
#3790=DIRECTION('center_axis',(0.,-1.,0.));
#3791=DIRECTION('ref_axis',(0.,0.,-1.));
#3792=DIRECTION('axis',(0.,0.,1.));
#3793=DIRECTION('refdir',(1.,0.,0.));
#3794=DIRECTION('center_axis',(0.,0.,1.));
#3795=DIRECTION('ref_axis',(1.,0.,0.));
#3796=DIRECTION('',(0.,1.,0.));
#3797=DIRECTION('',(-1.,0.,0.));
#3798=DIRECTION('',(0.,-1.,0.));
#3799=DIRECTION('',(1.,0.,0.));
#3800=DIRECTION('center_axis',(0.,1.,0.));
#3801=DIRECTION('ref_axis',(0.,0.,1.));
#3802=DIRECTION('',(0.,0.,1.));
#3803=DIRECTION('',(1.,0.,0.));
#3804=DIRECTION('',(0.,0.,-1.));
#3805=DIRECTION('',(-1.,0.,0.));
#3806=DIRECTION('',(0.,0.,1.));
#3807=DIRECTION('',(1.,0.,0.));
#3808=DIRECTION('',(0.,0.,1.));
#3809=DIRECTION('center_axis',(1.,0.,0.));
#3810=DIRECTION('ref_axis',(0.,1.,0.));
#3811=DIRECTION('',(0.,0.,1.));
#3812=DIRECTION('',(0.,-1.,0.));
#3813=DIRECTION('center_axis',(0.,-1.,0.));
#3814=DIRECTION('ref_axis',(1.,0.,0.));
#3815=DIRECTION('',(0.,0.,1.));
#3816=DIRECTION('',(-1.,0.,0.));
#3817=DIRECTION('center_axis',(-1.,0.,0.));
#3818=DIRECTION('ref_axis',(0.,-1.,0.));
#3819=DIRECTION('',(0.,1.,0.));
#3820=DIRECTION('center_axis',(0.,0.,-1.));
#3821=DIRECTION('ref_axis',(-1.,0.,0.));
#3822=DIRECTION('',(0.,1.,0.));
#3823=DIRECTION('',(-1.,0.,0.));
#3824=DIRECTION('',(0.,-1.,0.));
#3825=DIRECTION('center_axis',(-1.,0.,0.));
#3826=DIRECTION('ref_axis',(0.,0.,1.));
#3827=DIRECTION('',(0.,1.,0.));
#3828=DIRECTION('',(0.,0.,-1.));
#3829=DIRECTION('center_axis',(1.,0.,0.));
#3830=DIRECTION('ref_axis',(0.,0.,-1.));
#3831=DIRECTION('',(0.,0.,1.));
#3832=DIRECTION('',(0.,1.,0.));
#3833=DIRECTION('center_axis',(0.,0.,-1.));
#3834=DIRECTION('ref_axis',(-1.,0.,0.));
#3835=DIRECTION('',(1.,0.,0.));
#3836=DIRECTION('center_axis',(0.,-1.,0.));
#3837=DIRECTION('ref_axis',(0.,0.,-1.));
#3838=DIRECTION('axis',(0.,0.,1.));
#3839=DIRECTION('refdir',(1.,0.,0.));
#3840=DIRECTION('center_axis',(0.,0.,1.));
#3841=DIRECTION('ref_axis',(1.,0.,0.));
#3842=DIRECTION('',(-1.,0.,0.));
#3843=DIRECTION('',(0.,1.,0.));
#3844=DIRECTION('',(1.,0.,0.));
#3845=DIRECTION('',(0.,-1.,0.));
#3846=DIRECTION('center_axis',(1.,0.,0.));
#3847=DIRECTION('ref_axis',(0.,1.,0.));
#3848=DIRECTION('',(0.,0.,1.));
#3849=DIRECTION('',(0.,1.,0.));
#3850=DIRECTION('',(0.,0.,1.));
#3851=DIRECTION('center_axis',(0.,1.,0.));
#3852=DIRECTION('ref_axis',(-1.,0.,0.));
#3853=DIRECTION('',(0.,0.,1.));
#3854=DIRECTION('',(-1.,0.,0.));
#3855=DIRECTION('center_axis',(0.,-1.,0.));
#3856=DIRECTION('ref_axis',(1.,0.,0.));
#3857=DIRECTION('',(1.,0.,0.));
#3858=DIRECTION('',(0.,0.,1.));
#3859=DIRECTION('center_axis',(-1.,0.,0.));
#3860=DIRECTION('ref_axis',(0.,-1.,0.));
#3861=DIRECTION('',(0.,-1.,0.));
#3862=DIRECTION('center_axis',(0.,0.,1.));
#3863=DIRECTION('ref_axis',(1.,0.,0.));
#3864=DIRECTION('axis',(0.,0.,1.));
#3865=DIRECTION('refdir',(1.,0.,0.));
#3866=DIRECTION('center_axis',(0.,0.,1.));
#3867=DIRECTION('ref_axis',(1.,0.,0.));
#3868=DIRECTION('center_axis',(0.,0.,1.));
#3869=DIRECTION('ref_axis',(1.,0.,0.));
#3870=DIRECTION('',(0.,0.,-1.));
#3871=DIRECTION('center_axis',(0.,0.,-1.));
#3872=DIRECTION('ref_axis',(1.,0.,0.));
#3873=DIRECTION('center_axis',(0.,0.,-1.));
#3874=DIRECTION('ref_axis',(1.,0.,0.));
#3875=DIRECTION('center_axis',(0.,0.,-1.));
#3876=DIRECTION('ref_axis',(1.,0.,0.));
#3877=DIRECTION('center_axis',(0.,-1.,0.));
#3878=DIRECTION('ref_axis',(0.,0.,-1.));
#3879=DIRECTION('',(0.,0.,1.));
#3880=DIRECTION('',(1.,0.,0.));
#3881=DIRECTION('',(0.,0.,-1.));
#3882=DIRECTION('',(1.,0.,0.));
#3883=DIRECTION('center_axis',(1.,0.,0.));
#3884=DIRECTION('ref_axis',(0.,0.,-1.));
#3885=DIRECTION('',(0.,0.,1.));
#3886=DIRECTION('',(0.,-1.,0.));
#3887=DIRECTION('',(0.,1.,0.));
#3888=DIRECTION('center_axis',(0.,-1.,0.));
#3889=DIRECTION('ref_axis',(0.,0.,-1.));
#3890=DIRECTION('',(1.,0.,0.));
#3891=DIRECTION('',(0.,0.,-1.));
#3892=DIRECTION('',(-1.,0.,0.));
#3893=DIRECTION('center_axis',(0.,0.,1.));
#3894=DIRECTION('ref_axis',(1.,0.,0.));
#3895=DIRECTION('',(-0.381198855869386,-0.924493067731647,0.));
#3896=DIRECTION('',(0.,-1.,0.));
#3897=DIRECTION('',(1.,0.,0.));
#3898=DIRECTION('',(-0.14142135623731,0.989949493661167,0.));
#3899=DIRECTION('',(0.,1.,0.));
#3900=DIRECTION('center_axis',(0.,0.,1.));
#3901=DIRECTION('ref_axis',(1.,0.,0.));
#3902=DIRECTION('center_axis',(0.,0.,1.));
#3903=DIRECTION('ref_axis',(1.,0.,0.));
#3904=DIRECTION('',(0.,-1.,0.));
#3905=DIRECTION('',(0.14142135623731,-0.989949493661167,0.));
#3906=DIRECTION('',(-1.,0.,0.));
#3907=DIRECTION('',(0.,1.,0.));
#3908=DIRECTION('',(0.381198855869386,0.924493067731647,0.));
#3909=DIRECTION('center_axis',(0.,0.,1.));
#3910=DIRECTION('ref_axis',(1.,0.,0.));
#3911=DIRECTION('',(0.,0.,1.));
#3912=DIRECTION('center_axis',(0.,0.,1.));
#3913=DIRECTION('ref_axis',(1.,0.,0.));
#3914=DIRECTION('center_axis',(0.,0.,-1.));
#3915=DIRECTION('ref_axis',(1.,0.,0.));
#3916=DIRECTION('center_axis',(0.989949493661167,0.14142135623731,0.));
#3917=DIRECTION('ref_axis',(0.14142135623731,-0.989949493661167,0.));
#3918=DIRECTION('',(0.,0.,-1.));
#3919=DIRECTION('',(0.,0.,1.));
#3920=DIRECTION('center_axis',(0.,-1.,0.));
#3921=DIRECTION('ref_axis',(0.,0.,-1.));
#3922=DIRECTION('',(0.,0.,1.));
#3923=DIRECTION('center_axis',(-0.924493067731647,0.381198855869386,0.));
#3924=DIRECTION('ref_axis',(0.381198855869386,0.924493067731647,0.));
#3925=DIRECTION('',(0.,0.,-1.));
#3926=DIRECTION('center_axis',(-1.,0.,0.));
#3927=DIRECTION('ref_axis',(0.,1.,0.));
#3928=DIRECTION('center_axis',(-1.,0.,0.));
#3929=DIRECTION('ref_axis',(0.,-1.,0.));
#3930=DIRECTION('',(0.,1.16681536459896E-60,1.));
#3931=DIRECTION('',(1.,7.7425410516728E-62,0.));
#3932=DIRECTION('',(0.,1.16681536459896E-60,1.));
#3933=DIRECTION('',(1.,7.7425410516728E-62,0.));
#3934=DIRECTION('',(0.,1.16681536459896E-60,1.));
#3935=DIRECTION('',(1.,7.7425410516728E-62,0.));
#3936=DIRECTION('',(0.,-1.16681536459896E-60,-1.));
#3937=DIRECTION('',(1.,-6.12323399573677E-17,0.));
#3938=DIRECTION('',(0.,1.16681536459896E-60,1.));
#3939=DIRECTION('',(1.,7.7425410516728E-62,0.));
#3940=DIRECTION('axis',(0.,0.,1.));
#3941=DIRECTION('refdir',(1.,0.,0.));
#3942=DIRECTION('axis',(0.,0.,1.));
#3943=DIRECTION('refdir',(1.,0.,0.));
#3944=DIRECTION('axis',(0.,0.,1.));
#3945=DIRECTION('refdir',(1.,0.,0.));
#3946=DIRECTION('center_axis',(0.,0.,1.));
#3947=DIRECTION('ref_axis',(-1.,0.,0.));
#3948=DIRECTION('center_axis',(0.,0.,-1.));
#3949=DIRECTION('ref_axis',(-0.707106781186547,-0.707106781186547,0.));
#3950=DIRECTION('',(0.,-1.,0.));
#3951=DIRECTION('',(-1.,0.,0.));
#3952=DIRECTION('',(0.,-1.,0.));
#3953=DIRECTION('center_axis',(0.,0.,1.));
#3954=DIRECTION('ref_axis',(0.707106781186547,-0.707106781186547,0.));
#3955=DIRECTION('',(0.,0.,-1.));
#3956=DIRECTION('center_axis',(0.,0.,1.));
#3957=DIRECTION('ref_axis',(0.707106781186547,-0.707106781186547,0.));
#3958=DIRECTION('',(0.,0.,1.));
#3959=DIRECTION('center_axis',(1.,0.,0.));
#3960=DIRECTION('ref_axis',(0.,0.,1.));
#3961=DIRECTION('',(0.,-1.,0.));
#3962=DIRECTION('',(0.,0.,1.));
#3963=DIRECTION('center_axis',(0.,0.,-1.));
#3964=DIRECTION('ref_axis',(1.,0.,0.));
#3965=DIRECTION('',(0.,-1.,0.));
#3966=DIRECTION('',(1.,0.,0.));
#3967=DIRECTION('center_axis',(-1.,0.,0.));
#3968=DIRECTION('ref_axis',(0.,0.,-1.));
#3969=DIRECTION('',(0.,0.,-1.));
#3970=DIRECTION('center_axis',(0.,-1.,0.));
#3971=DIRECTION('ref_axis',(0.,0.,-1.));
#3972=DIRECTION('axis',(0.,0.,1.));
#3973=DIRECTION('refdir',(1.,0.,0.));
#3974=DIRECTION('center_axis',(1.,0.,0.));
#3975=DIRECTION('ref_axis',(0.,0.,-1.));
#3976=DIRECTION('',(0.,0.,1.));
#3977=DIRECTION('',(0.,-1.,0.));
#3978=DIRECTION('',(0.,0.,-1.));
#3979=DIRECTION('',(0.,1.,0.));
#3980=DIRECTION('center_axis',(1.,0.,0.));
#3981=DIRECTION('ref_axis',(0.,0.,-1.));
#3982=DIRECTION('',(0.,0.,1.));
#3983=DIRECTION('',(0.,1.,0.));
#3984=DIRECTION('',(0.,0.,-1.));
#3985=DIRECTION('',(0.,-1.,0.));
#3986=DIRECTION('center_axis',(0.,0.,-1.));
#3987=DIRECTION('ref_axis',(-1.,0.,0.));
#3988=DIRECTION('',(1.,0.,0.));
#3989=DIRECTION('',(1.,0.,0.));
#3990=DIRECTION('center_axis',(0.,-1.,0.));
#3991=DIRECTION('ref_axis',(0.,0.,-1.));
#3992=DIRECTION('',(1.,0.,0.));
#3993=DIRECTION('center_axis',(0.,-1.,0.));
#3994=DIRECTION('ref_axis',(0.,0.,-1.));
#3995=DIRECTION('',(1.,0.,0.));
#3996=DIRECTION('center_axis',(0.,0.,1.));
#3997=DIRECTION('ref_axis',(1.,0.,0.));
#3998=DIRECTION('axis',(0.,0.,1.));
#3999=DIRECTION('refdir',(1.,0.,0.));
#4000=DIRECTION('center_axis',(0.,0.,-1.));
#4001=DIRECTION('ref_axis',(1.,0.,0.));
#4002=DIRECTION('center_axis',(0.,0.,-1.));
#4003=DIRECTION('ref_axis',(1.,0.,0.));
#4004=DIRECTION('',(0.,0.,1.));
#4005=DIRECTION('center_axis',(0.,0.,1.));
#4006=DIRECTION('ref_axis',(1.,0.,0.));
#4007=DIRECTION('center_axis',(0.,0.,-1.));
#4008=DIRECTION('ref_axis',(1.,0.,0.));
#4009=DIRECTION('center_axis',(0.,0.,-1.));
#4010=DIRECTION('ref_axis',(1.,0.,0.));
#4011=DIRECTION('axis',(0.,0.,1.));
#4012=DIRECTION('refdir',(1.,0.,0.));
#4013=DIRECTION('center_axis',(0.,-1.,0.));
#4014=DIRECTION('ref_axis',(0.,0.,-1.));
#4015=DIRECTION('',(0.,0.,1.));
#4016=DIRECTION('',(1.,0.,0.));
#4017=DIRECTION('',(0.,0.,-1.));
#4018=DIRECTION('',(1.,0.,0.));
#4019=DIRECTION('center_axis',(1.,0.,0.));
#4020=DIRECTION('ref_axis',(0.,0.,-1.));
#4021=DIRECTION('',(0.,0.,1.));
#4022=DIRECTION('',(0.,-1.,0.));
#4023=DIRECTION('',(0.,1.,0.));
#4024=DIRECTION('center_axis',(0.,-1.,0.));
#4025=DIRECTION('ref_axis',(0.,0.,-1.));
#4026=DIRECTION('',(1.,0.,0.));
#4027=DIRECTION('',(0.,0.,-1.));
#4028=DIRECTION('',(-1.,0.,0.));
#4029=DIRECTION('center_axis',(0.,0.,1.));
#4030=DIRECTION('ref_axis',(1.,0.,0.));
#4031=DIRECTION('',(-0.381198855869386,-0.924493067731647,0.));
#4032=DIRECTION('',(0.,-1.,0.));
#4033=DIRECTION('',(1.,0.,0.));
#4034=DIRECTION('',(-0.14142135623731,0.989949493661167,0.));
#4035=DIRECTION('',(0.,1.,0.));
#4036=DIRECTION('center_axis',(0.,0.,1.));
#4037=DIRECTION('ref_axis',(1.,0.,0.));
#4038=DIRECTION('center_axis',(0.,0.,1.));
#4039=DIRECTION('ref_axis',(1.,0.,0.));
#4040=DIRECTION('',(0.,-1.,0.));
#4041=DIRECTION('',(0.14142135623731,-0.989949493661167,0.));
#4042=DIRECTION('',(-1.,0.,0.));
#4043=DIRECTION('',(0.,1.,0.));
#4044=DIRECTION('',(0.381198855869386,0.924493067731647,0.));
#4045=DIRECTION('center_axis',(0.,0.,1.));
#4046=DIRECTION('ref_axis',(1.,0.,0.));
#4047=DIRECTION('',(0.,0.,1.));
#4048=DIRECTION('center_axis',(0.,0.,1.));
#4049=DIRECTION('ref_axis',(1.,0.,0.));
#4050=DIRECTION('center_axis',(0.,0.,-1.));
#4051=DIRECTION('ref_axis',(1.,0.,0.));
#4052=DIRECTION('center_axis',(0.989949493661167,0.14142135623731,0.));
#4053=DIRECTION('ref_axis',(0.14142135623731,-0.989949493661167,0.));
#4054=DIRECTION('',(0.,0.,-1.));
#4055=DIRECTION('',(0.,0.,1.));
#4056=DIRECTION('center_axis',(0.,-1.,0.));
#4057=DIRECTION('ref_axis',(0.,0.,-1.));
#4058=DIRECTION('',(0.,0.,1.));
#4059=DIRECTION('center_axis',(-0.924493067731647,0.381198855869386,0.));
#4060=DIRECTION('ref_axis',(0.381198855869386,0.924493067731647,0.));
#4061=DIRECTION('',(0.,0.,-1.));
#4062=DIRECTION('center_axis',(-1.,0.,0.));
#4063=DIRECTION('ref_axis',(0.,1.,0.));
#4064=DIRECTION('center_axis',(-1.,0.,0.));
#4065=DIRECTION('ref_axis',(0.,-1.,0.));
#4066=DIRECTION('axis',(0.,0.,1.));
#4067=DIRECTION('refdir',(1.,0.,0.));
#4068=DIRECTION('center_axis',(0.,0.,1.));
#4069=DIRECTION('ref_axis',(1.,0.,0.));
#4070=DIRECTION('',(0.,-1.,0.));
#4071=DIRECTION('',(-1.,0.,0.));
#4072=DIRECTION('',(0.,1.,0.));
#4073=DIRECTION('',(1.,0.,0.));
#4074=DIRECTION('center_axis',(0.,-1.,0.));
#4075=DIRECTION('ref_axis',(-1.,0.,0.));
#4076=DIRECTION('',(0.,0.,-1.));
#4077=DIRECTION('',(1.,0.,0.));
#4078=DIRECTION('',(0.,0.,-1.));
#4079=DIRECTION('center_axis',(1.,0.,0.));
#4080=DIRECTION('ref_axis',(0.,-1.,0.));
#4081=DIRECTION('',(0.,0.,-1.));
#4082=DIRECTION('',(0.,1.,0.));
#4083=DIRECTION('center_axis',(-1.,0.,0.));
#4084=DIRECTION('ref_axis',(0.,1.,0.));
#4085=DIRECTION('',(0.,-1.,0.));
#4086=DIRECTION('',(0.,0.,-1.));
#4087=DIRECTION('center_axis',(0.,0.,1.));
#4088=DIRECTION('ref_axis',(1.,0.,0.));
#4089=DIRECTION('',(0.,1.,0.));
#4090=DIRECTION('',(-1.,0.,0.));
#4091=DIRECTION('',(0.,-1.,0.));
#4092=DIRECTION('',(1.,0.,0.));
#4093=DIRECTION('center_axis',(0.,0.,1.));
#4094=DIRECTION('ref_axis',(1.,0.,0.));
#4095=DIRECTION('',(-1.,0.,0.));
#4096=DIRECTION('',(0.,-1.,0.));
#4097=DIRECTION('',(1.,0.,0.));
#4098=DIRECTION('',(0.,1.,0.));
#4099=DIRECTION('center_axis',(0.,0.,1.));
#4100=DIRECTION('ref_axis',(1.,0.,0.));
#4101=DIRECTION('',(0.,1.,0.));
#4102=DIRECTION('',(-1.,0.,0.));
#4103=DIRECTION('',(0.,-1.,0.));
#4104=DIRECTION('',(1.,0.,0.));
#4105=DIRECTION('center_axis',(0.,0.,1.));
#4106=DIRECTION('ref_axis',(1.,0.,0.));
#4107=DIRECTION('',(-1.,0.,0.));
#4108=DIRECTION('',(0.,1.,0.));
#4109=DIRECTION('',(1.,0.,0.));
#4110=DIRECTION('',(0.,-1.,0.));
#4111=DIRECTION('',(-1.,0.,0.));
#4112=DIRECTION('center_axis',(0.,-1.,0.));
#4113=DIRECTION('ref_axis',(-1.,0.,0.));
#4114=DIRECTION('',(0.,0.,-1.));
#4115=DIRECTION('',(-1.,0.,0.));
#4116=DIRECTION('',(0.,0.,-1.));
#4117=DIRECTION('center_axis',(1.,0.,0.));
#4118=DIRECTION('ref_axis',(0.,-1.,0.));
#4119=DIRECTION('',(0.,0.,1.));
#4120=DIRECTION('',(0.,0.,1.));
#4121=DIRECTION('',(0.,-1.,0.));
#4122=DIRECTION('center_axis',(0.,-1.,0.));
#4123=DIRECTION('ref_axis',(1.,0.,0.));
#4124=DIRECTION('',(-1.,0.,0.));
#4125=DIRECTION('',(0.,0.,1.));
#4126=DIRECTION('',(0.,0.,1.));
#4127=DIRECTION('center_axis',(1.,0.,0.));
#4128=DIRECTION('ref_axis',(0.,1.,0.));
#4129=DIRECTION('',(0.,-1.,0.));
#4130=DIRECTION('',(0.,0.,1.));
#4131=DIRECTION('center_axis',(0.,-1.,0.));
#4132=DIRECTION('ref_axis',(1.,0.,0.));
#4133=DIRECTION('',(-1.,0.,0.));
#4134=DIRECTION('',(0.,0.,1.));
#4135=DIRECTION('',(0.,0.,1.));
#4136=DIRECTION('center_axis',(-1.,0.,0.));
#4137=DIRECTION('ref_axis',(0.,-1.,0.));
#4138=DIRECTION('',(0.,1.,0.));
#4139=DIRECTION('',(0.,0.,1.));
#4140=DIRECTION('center_axis',(1.,0.,0.));
#4141=DIRECTION('ref_axis',(0.,1.,0.));
#4142=DIRECTION('',(0.,-1.,0.));
#4143=DIRECTION('',(0.,0.,1.));
#4144=DIRECTION('center_axis',(0.,-1.,0.));
#4145=DIRECTION('ref_axis',(1.,0.,0.));
#4146=DIRECTION('',(-1.,0.,0.));
#4147=DIRECTION('',(0.,0.,1.));
#4148=DIRECTION('center_axis',(-1.,0.,0.));
#4149=DIRECTION('ref_axis',(0.,-1.,0.));
#4150=DIRECTION('',(0.,1.,0.));
#4151=DIRECTION('',(0.,0.,1.));
#4152=DIRECTION('center_axis',(0.,1.,0.));
#4153=DIRECTION('ref_axis',(1.,0.,0.));
#4154=DIRECTION('',(0.,0.,1.));
#4155=DIRECTION('',(1.,0.,0.));
#4156=DIRECTION('',(1.,0.,0.));
#4157=DIRECTION('center_axis',(-1.,0.,0.));
#4158=DIRECTION('ref_axis',(0.,1.,0.));
#4159=DIRECTION('',(0.,1.,0.));
#4160=DIRECTION('center_axis',(0.,0.,-1.));
#4161=DIRECTION('ref_axis',(1.,0.,0.));
#4162=DIRECTION('',(0.,0.,1.));
#4163=DIRECTION('',(1.,0.,0.));
#4164=DIRECTION('',(-1.22464679914735E-16,1.97146505649799E-31,-1.));
#4165=DIRECTION('',(-1.,1.60982338570648E-15,1.22464679914735E-16));
#4166=DIRECTION('',(-1.22464679914735E-16,1.97146505649799E-31,-1.));
#4167=DIRECTION('',(-1.,1.54859104574911E-15,1.22464679914735E-16));
#4168=DIRECTION('',(-1.22464679914735E-16,1.97146505649799E-31,-1.));
#4169=DIRECTION('',(-1.,1.54859104574911E-15,1.22464679914735E-16));
#4170=DIRECTION('',(-1.22464679914735E-16,1.97146505649799E-31,-1.));
#4171=DIRECTION('',(-1.,1.54859104574911E-15,1.22464679914735E-16));
#4172=DIRECTION('',(-1.22464679914735E-16,1.97146505649799E-31,-1.));
#4173=DIRECTION('',(-1.,1.60982338570648E-15,1.22464679914735E-16));
#4174=DIRECTION('center_axis',(0.,-1.,0.));
#4175=DIRECTION('ref_axis',(1.,0.,0.));
#4176=DIRECTION('',(1.,0.,0.));
#4177=DIRECTION('',(0.,0.,1.));
#4178=DIRECTION('',(-1.,0.,0.));
#4179=DIRECTION('',(0.,0.,1.));
#4180=DIRECTION('center_axis',(0.,1.,0.));
#4181=DIRECTION('ref_axis',(-1.,0.,0.));
#4182=DIRECTION('',(-1.,0.,0.));
#4183=DIRECTION('',(0.,0.,1.));
#4184=DIRECTION('',(1.,0.,0.));
#4185=DIRECTION('',(0.,0.,1.));
#4186=DIRECTION('center_axis',(0.,1.,0.));
#4187=DIRECTION('ref_axis',(-1.,0.,0.));
#4188=DIRECTION('',(1.,0.,0.));
#4189=DIRECTION('',(0.,0.,1.));
#4190=DIRECTION('',(-1.,0.,0.));
#4191=DIRECTION('',(0.,0.,1.));
#4192=DIRECTION('center_axis',(0.,-1.,0.));
#4193=DIRECTION('ref_axis',(1.,0.,0.));
#4194=DIRECTION('',(-1.,0.,0.));
#4195=DIRECTION('',(0.,0.,1.));
#4196=DIRECTION('',(1.,0.,0.));
#4197=DIRECTION('',(0.,0.,1.));
#4198=DIRECTION('center_axis',(0.,0.,1.));
#4199=DIRECTION('ref_axis',(1.,0.,0.));
#4200=DIRECTION('',(0.,1.,0.));
#4201=DIRECTION('',(-1.,0.,0.));
#4202=DIRECTION('',(0.,1.,0.));
#4203=DIRECTION('center_axis',(0.,0.,1.));
#4204=DIRECTION('ref_axis',(1.,0.,0.));
#4205=DIRECTION('',(0.,1.,0.));
#4206=DIRECTION('',(-1.,0.,0.));
#4207=DIRECTION('',(0.,1.,0.));
#4208=DIRECTION('center_axis',(0.,0.,-1.));
#4209=DIRECTION('ref_axis',(-1.,0.,0.));
#4210=DIRECTION('',(0.,1.,0.));
#4211=DIRECTION('',(1.,0.,0.));
#4212=DIRECTION('',(0.,1.,0.));
#4213=DIRECTION('center_axis',(0.,0.,1.));
#4214=DIRECTION('ref_axis',(0.,1.,0.));
#4215=DIRECTION('',(0.,1.,0.));
#4216=DIRECTION('',(1.,0.,0.));
#4217=DIRECTION('',(0.,-1.,0.));
#4218=DIRECTION('',(1.,2.53765262771464E-15,0.));
#4219=DIRECTION('',(0.,1.,0.));
#4220=DIRECTION('',(-1.,0.,0.));
#4221=DIRECTION('',(0.,-1.,0.));
#4222=DIRECTION('center_axis',(0.,0.,1.));
#4223=DIRECTION('ref_axis',(0.,1.,0.));
#4224=DIRECTION('',(0.,-1.,0.));
#4225=DIRECTION('',(-1.,0.,0.));
#4226=DIRECTION('',(0.,1.,0.));
#4227=DIRECTION('center_axis',(-1.,0.,0.));
#4228=DIRECTION('ref_axis',(0.,0.,1.));
#4229=DIRECTION('',(0.,0.,1.));
#4230=DIRECTION('',(0.,1.,0.));
#4231=DIRECTION('',(0.,0.,1.));
#4232=DIRECTION('',(0.,1.,0.));
#4233=DIRECTION('',(0.,0.,1.));
#4234=DIRECTION('',(0.,1.,0.));
#4235=DIRECTION('',(0.,0.,1.));
#4236=DIRECTION('',(0.,-1.,0.));
#4237=DIRECTION('',(0.,0.,1.));
#4238=DIRECTION('',(0.,1.,0.));
#4239=DIRECTION('',(0.,0.,1.));
#4240=DIRECTION('',(0.,1.,0.));
#4241=DIRECTION('',(0.,0.,-1.));
#4242=DIRECTION('',(0.,1.,0.));
#4243=DIRECTION('',(0.,0.,-1.));
#4244=DIRECTION('center_axis',(0.,-1.,0.));
#4245=DIRECTION('ref_axis',(-1.,0.,0.));
#4246=DIRECTION('center_axis',(0.,-1.,0.));
#4247=DIRECTION('ref_axis',(-1.,0.,0.));
#4248=DIRECTION('',(0.,-1.,0.));
#4249=DIRECTION('center_axis',(0.,1.,0.));
#4250=DIRECTION('ref_axis',(-1.,0.,0.));
#4251=DIRECTION('center_axis',(0.,1.,0.));
#4252=DIRECTION('ref_axis',(-1.,0.,0.));
#4253=DIRECTION('',(1.,0.,0.));
#4254=DIRECTION('center_axis',(0.,-1.,0.));
#4255=DIRECTION('ref_axis',(-1.,0.,0.));
#4256=DIRECTION('center_axis',(0.,-1.,0.));
#4257=DIRECTION('ref_axis',(-1.,0.,0.));
#4258=DIRECTION('center_axis',(0.,-1.,0.));
#4259=DIRECTION('ref_axis',(-1.,0.,0.));
#4260=DIRECTION('',(0.,-1.,0.));
#4261=DIRECTION('center_axis',(0.,1.,0.));
#4262=DIRECTION('ref_axis',(-1.,0.,0.));
#4263=DIRECTION('',(0.,1.,0.));
#4264=DIRECTION('',(0.,-1.,0.));
#4265=DIRECTION('center_axis',(0.,1.,0.));
#4266=DIRECTION('ref_axis',(-1.,0.,0.));
#4267=DIRECTION('center_axis',(0.,0.,1.));
#4268=DIRECTION('ref_axis',(1.,0.,0.));
#4269=DIRECTION('',(-1.,0.,0.));
#4270=DIRECTION('',(1.,0.,0.));
#4271=DIRECTION('center_axis',(0.,0.,1.));
#4272=DIRECTION('ref_axis',(0.707106781186548,-0.707106781186548,0.));
#4273=DIRECTION('',(-1.,0.,0.));
#4274=DIRECTION('center_axis',(0.,0.,1.));
#4275=DIRECTION('ref_axis',(0.707106781186548,-0.707106781186548,0.));
#4276=DIRECTION('',(-1.,0.,0.));
#4277=DIRECTION('',(0.,-1.,0.));
#4278=DIRECTION('',(-1.,0.,0.));
#4279=DIRECTION('center_axis',(0.,-1.,0.));
#4280=DIRECTION('ref_axis',(0.,0.,-1.));
#4281=DIRECTION('',(0.,0.,-1.));
#4282=DIRECTION('',(-1.,0.,0.));
#4283=DIRECTION('center_axis',(0.,-1.,0.));
#4284=DIRECTION('ref_axis',(0.,0.,-1.));
#4285=DIRECTION('',(0.,0.,-1.));
#4286=DIRECTION('',(-1.,0.,0.));
#4287=DIRECTION('center_axis',(0.,-1.,0.));
#4288=DIRECTION('ref_axis',(0.,0.,-1.));
#4289=DIRECTION('',(1.,0.,0.));
#4290=DIRECTION('',(0.,0.,-1.));
#4291=DIRECTION('',(-1.,0.,0.));
#4292=DIRECTION('center_axis',(0.,0.,1.));
#4293=DIRECTION('ref_axis',(1.,0.,0.));
#4294=DIRECTION('',(0.,1.,0.));
#4295=DIRECTION('center_axis',(0.,0.,1.));
#4296=DIRECTION('ref_axis',(1.,0.,0.));
#4297=DIRECTION('',(0.,1.,0.));
#4298=DIRECTION('',(-1.,0.,0.));
#4299=DIRECTION('',(-1.,-2.53765262771464E-15,0.));
#4300=DIRECTION('',(0.,1.,0.));
#4301=DIRECTION('',(1.,0.,0.));
#4302=DIRECTION('',(0.,-1.,0.));
#4303=DIRECTION('center_axis',(0.,0.,1.));
#4304=DIRECTION('ref_axis',(1.,0.,0.));
#4305=DIRECTION('',(0.,1.,0.));
#4306=DIRECTION('center_axis',(-1.,0.,0.));
#4307=DIRECTION('ref_axis',(0.,0.,1.));
#4308=DIRECTION('',(0.,-1.,0.));
#4309=DIRECTION('',(0.,0.,1.));
#4310=DIRECTION('',(0.,0.,1.));
#4311=DIRECTION('',(0.,1.,0.));
#4312=DIRECTION('',(0.,0.,1.));
#4313=DIRECTION('',(0.,1.,0.));
#4314=DIRECTION('',(0.,0.,-1.));
#4315=DIRECTION('',(0.,0.,-1.));
#4316=DIRECTION('center_axis',(0.,1.,0.));
#4317=DIRECTION('ref_axis',(1.,0.,0.));
#4318=DIRECTION('',(3.62527989531715E-33,0.,-1.));
#4319=DIRECTION('',(1.,0.,0.));
#4320=DIRECTION('',(-3.62527989531715E-33,0.,1.));
#4321=DIRECTION('center_axis',(-3.62527989531715E-33,0.,1.));
#4322=DIRECTION('ref_axis',(0.707106781186548,-0.707106781186548,0.));
#4323=DIRECTION('center_axis',(0.,0.,-1.));
#4324=DIRECTION('ref_axis',(-0.707106781186548,-0.707106781186548,0.));
#4325=DIRECTION('',(0.,0.,-1.));
#4326=DIRECTION('center_axis',(0.,0.,1.));
#4327=DIRECTION('ref_axis',(1.,0.,0.));
#4328=DIRECTION('',(1.,0.,0.));
#4329=DIRECTION('center_axis',(0.,1.,0.));
#4330=DIRECTION('ref_axis',(0.,0.,1.));
#4331=DIRECTION('center_axis',(0.,1.,0.));
#4332=DIRECTION('ref_axis',(1.,0.,0.));
#4333=DIRECTION('',(0.,0.,-1.));
#4334=DIRECTION('',(0.,0.,-1.));
#4335=DIRECTION('center_axis',(-1.,0.,0.));
#4336=DIRECTION('ref_axis',(0.,1.,0.));
#4337=DIRECTION('',(0.,0.,-1.));
#4338=DIRECTION('center_axis',(2.53765262771464E-15,-1.,0.));
#4339=DIRECTION('ref_axis',(-1.,-2.53765262771464E-15,0.));
#4340=DIRECTION('',(0.,0.,-1.));
#4341=DIRECTION('center_axis',(1.,0.,0.));
#4342=DIRECTION('ref_axis',(0.,-1.,0.));
#4343=DIRECTION('center_axis',(0.,0.,-1.));
#4344=DIRECTION('ref_axis',(-1.,0.,0.));
#4345=DIRECTION('',(1.,0.,0.));
#4346=DIRECTION('center_axis',(0.,-1.,0.));
#4347=DIRECTION('ref_axis',(0.,0.,1.));
#4348=DIRECTION('center_axis',(0.,-1.,0.));
#4349=DIRECTION('ref_axis',(3.62527989531715E-33,0.,-1.));
#4350=DIRECTION('',(1.,0.,0.));
#4351=DIRECTION('',(-3.62527989531715E-33,0.,1.));
#4352=DIRECTION('center_axis',(0.,-1.,0.));
#4353=DIRECTION('ref_axis',(0.,0.,1.));
#4354=DIRECTION('',(-1.,0.,0.));
#4355=DIRECTION('center_axis',(0.,0.,-1.));
#4356=DIRECTION('ref_axis',(-1.,0.,0.));
#4357=DIRECTION('center_axis',(0.,0.,-1.));
#4358=DIRECTION('ref_axis',(-0.707106781186548,-0.707106781186548,0.));
#4359=DIRECTION('',(-1.,0.,0.));
#4360=DIRECTION('center_axis',(-3.62527989531715E-33,0.,1.));
#4361=DIRECTION('ref_axis',(0.707106781186548,-0.707106781186548,0.));
#4362=DIRECTION('center_axis',(0.,-1.,0.));
#4363=DIRECTION('ref_axis',(0.,0.,1.));
#4364=DIRECTION('center_axis',(0.,1.,0.));
#4365=DIRECTION('ref_axis',(0.,0.,1.));
#4366=DIRECTION('center_axis',(0.,-1.,0.));
#4367=DIRECTION('ref_axis',(1.,0.,0.));
#4368=DIRECTION('',(1.,0.,0.));
#4369=DIRECTION('',(0.,0.,1.));
#4370=DIRECTION('',(1.,0.,0.));
#4371=DIRECTION('',(0.,0.,1.));
#4372=DIRECTION('center_axis',(-1.,0.,0.));
#4373=DIRECTION('ref_axis',(0.,-1.,0.));
#4374=DIRECTION('',(0.,-1.,0.));
#4375=DIRECTION('',(0.,-1.,0.));
#4376=DIRECTION('',(0.,0.,1.));
#4377=DIRECTION('center_axis',(0.,1.,0.));
#4378=DIRECTION('ref_axis',(-1.,0.,0.));
#4379=DIRECTION('',(-1.,0.,0.));
#4380=DIRECTION('',(-1.,0.,0.));
#4381=DIRECTION('',(0.,0.,1.));
#4382=DIRECTION('center_axis',(1.,0.,0.));
#4383=DIRECTION('ref_axis',(0.,1.,0.));
#4384=DIRECTION('',(0.,1.,0.));
#4385=DIRECTION('',(0.,1.,0.));
#4386=DIRECTION('center_axis',(0.,0.,1.));
#4387=DIRECTION('ref_axis',(1.,0.,0.));
#4388=DIRECTION('center_axis',(0.,0.,1.));
#4389=DIRECTION('ref_axis',(-1.,0.,0.));
#4390=DIRECTION('',(-1.22464679914727E-16,6.34963366647183E-46,-1.));
#4391=DIRECTION('',(-1.,-3.35174937301853E-64,1.22464679914735E-16));
#4392=DIRECTION('',(0.,0.,1.));
#4393=DIRECTION('',(1.,8.04911692853238E-16,0.));
#4394=DIRECTION('center_axis',(-1.,0.,0.));
#4395=DIRECTION('ref_axis',(0.,1.,0.));
#4396=DIRECTION('',(0.,-1.,0.));
#4397=DIRECTION('',(0.,0.,-1.));
#4398=DIRECTION('',(0.,1.,0.));
#4399=DIRECTION('',(0.,0.,-1.));
#4400=DIRECTION('center_axis',(0.,-1.,0.));
#4401=DIRECTION('ref_axis',(-1.,0.,0.));
#4402=DIRECTION('',(1.,0.,0.));
#4403=DIRECTION('',(-1.,0.,0.));
#4404=DIRECTION('',(0.,0.,-1.));
#4405=DIRECTION('center_axis',(1.,0.,0.));
#4406=DIRECTION('ref_axis',(0.,-1.,0.));
#4407=DIRECTION('',(0.,1.,0.));
#4408=DIRECTION('',(0.,-1.,0.));
#4409=DIRECTION('',(0.,0.,-1.));
#4410=DIRECTION('center_axis',(0.,1.,0.));
#4411=DIRECTION('ref_axis',(1.,0.,0.));
#4412=DIRECTION('',(-1.,0.,0.));
#4413=DIRECTION('',(1.,0.,0.));
#4414=DIRECTION('center_axis',(0.,-1.,0.));
#4415=DIRECTION('ref_axis',(0.,0.,-1.));
#4416=DIRECTION('',(-1.,0.,0.));
#4417=DIRECTION('center_axis',(0.,1.,0.));
#4418=DIRECTION('ref_axis',(1.,0.,0.));
#4419=DIRECTION('',(1.,0.,0.));
#4420=DIRECTION('center_axis',(0.,1.,0.));
#4421=DIRECTION('ref_axis',(1.,0.,0.));
#4422=DIRECTION('',(0.,0.,1.));
#4423=DIRECTION('center_axis',(0.,1.,0.));
#4424=DIRECTION('ref_axis',(1.,0.,0.));
#4425=DIRECTION('center_axis',(0.,-1.,0.));
#4426=DIRECTION('ref_axis',(1.,0.,0.));
#4427=DIRECTION('',(1.,0.,0.));
#4428=DIRECTION('center_axis',(0.,-1.,0.));
#4429=DIRECTION('ref_axis',(1.,0.,0.));
#4430=DIRECTION('',(-1.,0.,-1.11022302462516E-16));
#4431=DIRECTION('center_axis',(0.,0.,1.));
#4432=DIRECTION('ref_axis',(1.,0.,0.));
#4433=DIRECTION('',(0.,-1.,0.));
#4434=DIRECTION('',(1.,0.,0.));
#4435=DIRECTION('',(0.,1.,0.));
#4436=DIRECTION('center_axis',(0.,1.,0.));
#4437=DIRECTION('ref_axis',(1.,0.,0.));
#4438=DIRECTION('',(0.,1.,0.));
#4439=DIRECTION('center_axis',(0.,-1.,0.));
#4440=DIRECTION('ref_axis',(1.,0.,0.));
#4441=DIRECTION('center_axis',(0.,0.,-1.));
#4442=DIRECTION('ref_axis',(-1.,0.,0.));
#4443=DIRECTION('',(0.,-1.,0.));
#4444=DIRECTION('',(-1.,0.,0.));
#4445=DIRECTION('',(0.,1.,0.));
#4446=DIRECTION('center_axis',(0.,1.,0.));
#4447=DIRECTION('ref_axis',(1.,0.,0.));
#4448=DIRECTION('',(0.,1.,0.));
#4449=DIRECTION('center_axis',(0.,1.,0.));
#4450=DIRECTION('ref_axis',(1.,0.,0.));
#4451=DIRECTION('',(0.,-1.,0.));
#4452=DIRECTION('center_axis',(0.,-1.,0.));
#4453=DIRECTION('ref_axis',(1.,0.,0.));
#4454=DIRECTION('center_axis',(0.,-1.,0.));
#4455=DIRECTION('ref_axis',(1.,0.,0.));
#4456=DIRECTION('',(0.,1.,0.));
#4457=DIRECTION('center_axis',(0.,1.,0.));
#4458=DIRECTION('ref_axis',(1.,0.,0.));
#4459=DIRECTION('center_axis',(0.,0.,1.));
#4460=DIRECTION('ref_axis',(1.,0.,0.));
#4461=DIRECTION('',(0.,-1.,0.));
#4462=DIRECTION('',(1.,0.,0.));
#4463=DIRECTION('center_axis',(-1.,0.,0.));
#4464=DIRECTION('ref_axis',(0.,1.,0.));
#4465=DIRECTION('',(0.,-1.,0.));
#4466=DIRECTION('',(0.,0.,-1.));
#4467=DIRECTION('',(0.,1.,0.));
#4468=DIRECTION('',(0.,0.,-1.));
#4469=DIRECTION('center_axis',(-1.,0.,0.));
#4470=DIRECTION('ref_axis',(0.,1.,0.));
#4471=DIRECTION('',(0.,-1.,0.));
#4472=DIRECTION('',(0.,0.,-1.));
#4473=DIRECTION('',(0.,1.,0.));
#4474=DIRECTION('',(0.,0.,-1.));
#4475=DIRECTION('center_axis',(0.,1.,0.));
#4476=DIRECTION('ref_axis',(1.,0.,0.));
#4477=DIRECTION('',(-1.,0.,0.));
#4478=DIRECTION('',(0.,0.,-1.));
#4479=DIRECTION('',(1.,0.,0.));
#4480=DIRECTION('center_axis',(0.,-1.,0.));
#4481=DIRECTION('ref_axis',(-1.,0.,0.));
#4482=DIRECTION('',(1.,0.,0.));
#4483=DIRECTION('',(-1.,0.,0.));
#4484=DIRECTION('',(0.,0.,-1.));
#4485=DIRECTION('center_axis',(0.,-1.,0.));
#4486=DIRECTION('ref_axis',(-1.,0.,0.));
#4487=DIRECTION('',(1.,0.,1.33977735261721E-33));
#4488=DIRECTION('',(-1.,0.,-1.33977735261721E-33));
#4489=DIRECTION('',(0.,0.,-1.));
#4490=DIRECTION('center_axis',(1.,0.,0.));
#4491=DIRECTION('ref_axis',(0.,-1.,0.));
#4492=DIRECTION('',(0.,1.,0.));
#4493=DIRECTION('',(0.,-1.,0.));
#4494=DIRECTION('center_axis',(1.,0.,0.));
#4495=DIRECTION('ref_axis',(0.,-1.,0.));
#4496=DIRECTION('',(0.,1.,0.));
#4497=DIRECTION('',(0.,-1.,0.));
#4498=DIRECTION('',(0.,0.,-1.));
#4499=DIRECTION('center_axis',(0.,1.,0.));
#4500=DIRECTION('ref_axis',(1.,0.,0.));
#4501=DIRECTION('',(-1.,0.,-1.33977735261721E-33));
#4502=DIRECTION('',(1.,0.,1.33977735261721E-33));
#4503=DIRECTION('center_axis',(0.,-1.,0.));
#4504=DIRECTION('ref_axis',(1.,0.,0.));
#4505=DIRECTION('center_axis',(0.,1.,0.));
#4506=DIRECTION('ref_axis',(1.,0.,0.));
#4507=DIRECTION('',(-1.,0.,-1.33977735261721E-33));
#4508=DIRECTION('center_axis',(0.,-1.,0.));
#4509=DIRECTION('ref_axis',(1.,0.,0.));
#4510=DIRECTION('',(1.,0.,0.));
#4511=DIRECTION('center_axis',(0.,1.,0.));
#4512=DIRECTION('ref_axis',(1.,0.,0.));
#4513=DIRECTION('center_axis',(1.33977735261721E-33,0.,-1.));
#4514=DIRECTION('ref_axis',(-1.,0.,-1.33977735261721E-33));
#4515=DIRECTION('',(0.,1.,0.));
#4516=DIRECTION('',(1.,0.,1.33977735261721E-33));
#4517=DIRECTION('',(0.,1.,0.));
#4518=DIRECTION('',(-1.,0.,-1.33977735261721E-33));
#4519=DIRECTION('',(0.,1.,0.));
#4520=DIRECTION('',(1.,0.,1.33977735261721E-33));
#4521=DIRECTION('center_axis',(0.,1.,0.));
#4522=DIRECTION('ref_axis',(1.,0.,0.));
#4523=DIRECTION('',(0.,-1.,0.));
#4524=DIRECTION('center_axis',(0.,-1.,0.));
#4525=DIRECTION('ref_axis',(1.,0.,0.));
#4526=DIRECTION('center_axis',(0.,0.,1.));
#4527=DIRECTION('ref_axis',(1.,0.,0.));
#4528=DIRECTION('',(-1.,0.,0.));
#4529=DIRECTION('',(0.,-1.,0.));
#4530=DIRECTION('',(1.,0.,0.));
#4531=DIRECTION('',(0.,1.,0.));
#4532=DIRECTION('',(-1.,0.,0.));
#4533=DIRECTION('',(0.,-1.,0.));
#4534=DIRECTION('center_axis',(0.,1.,0.));
#4535=DIRECTION('ref_axis',(-1.,0.,7.42705188753633E-15));
#4536=DIRECTION('center_axis',(0.,-1.,0.));
#4537=DIRECTION('ref_axis',(1.,0.,0.));
#4538=DIRECTION('',(0.,-1.,0.));
#4539=DIRECTION('center_axis',(1.11022302462516E-16,0.,-1.));
#4540=DIRECTION('ref_axis',(-1.,0.,-1.11022302462516E-16));
#4541=DIRECTION('',(-1.,0.,-1.11022302462516E-16));
#4542=DIRECTION('center_axis',(-1.,0.,-1.33977735261721E-33));
#4543=DIRECTION('ref_axis',(0.,-0.707106781186547,-0.707106781186547));
#4544=DIRECTION('center_axis',(1.,0.,0.));
#4545=DIRECTION('ref_axis',(0.,-0.707106781186547,-0.707106781186547));
#4546=DIRECTION('',(-1.,0.,-1.33977735261721E-33));
#4547=DIRECTION('center_axis',(0.,-1.,0.));
#4548=DIRECTION('ref_axis',(1.,0.,0.));
#4549=DIRECTION('',(0.,0.,1.));
#4550=DIRECTION('center_axis',(-1.,0.,-1.33977735261721E-33));
#4551=DIRECTION('ref_axis',(0.,-0.707106781186547,-0.707106781186547));
#4552=DIRECTION('center_axis',(-1.,0.,-1.02716263700653E-33));
#4553=DIRECTION('ref_axis',(0.,-0.707106781186547,-0.707106781186547));
#4554=DIRECTION('',(-1.,0.,-1.33977735261721E-33));
#4555=DIRECTION('center_axis',(1.,0.,0.));
#4556=DIRECTION('ref_axis',(0.,-0.707106781186547,0.707106781186547));
#4557=DIRECTION('center_axis',(-1.,0.,-1.02716263700653E-33));
#4558=DIRECTION('ref_axis',(0.,-0.707106781186547,0.707106781186547));
#4559=DIRECTION('',(1.,0.,0.));
#4560=DIRECTION('center_axis',(0.,-1.,0.));
#4561=DIRECTION('ref_axis',(1.,0.,0.));
#4562=DIRECTION('',(1.02716263700653E-33,0.,-1.));
#4563=DIRECTION('center_axis',(1.,0.,0.));
#4564=DIRECTION('ref_axis',(0.,-0.707106781186547,0.707106781186547));
#4565=DIRECTION('center_axis',(1.,0.,0.));
#4566=DIRECTION('ref_axis',(0.,-0.707106781186547,0.707106781186547));
#4567=DIRECTION('',(1.,0.,0.));
#4568=DIRECTION('center_axis',(0.,-1.,0.));
#4569=DIRECTION('ref_axis',(1.,0.,0.));
#4570=DIRECTION('',(1.02716263700653E-33,0.,-1.));
#4571=DIRECTION('center_axis',(0.,1.,0.));
#4572=DIRECTION('ref_axis',(1.,0.,0.));
#4573=DIRECTION('center_axis',(0.,-1.,0.));
#4574=DIRECTION('ref_axis',(1.,0.,0.));
#4575=DIRECTION('',(0.,1.,0.));
#4576=DIRECTION('center_axis',(0.,-1.,0.));
#4577=DIRECTION('ref_axis',(1.,0.,0.));
#4578=DIRECTION('',(0.,0.,1.));
#4579=DIRECTION('center_axis',(-1.,0.,0.));
#4580=DIRECTION('ref_axis',(0.,0.,1.));
#4581=DIRECTION('',(0.,0.,1.));
#4582=DIRECTION('center_axis',(0.,-1.,0.));
#4583=DIRECTION('ref_axis',(1.,0.,0.));
#4584=DIRECTION('',(1.,0.,1.33977735261721E-33));
#4585=DIRECTION('',(0.,0.,-1.));
#4586=DIRECTION('',(-1.,0.,0.));
#4587=DIRECTION('',(-1.02716263700653E-33,0.,1.));
#4588=DIRECTION('center_axis',(-1.,0.,0.));
#4589=DIRECTION('ref_axis',(0.,0.,1.));
#4590=DIRECTION('',(0.,-1.,0.));
#4591=DIRECTION('',(0.,0.,-1.));
#4592=DIRECTION('',(0.,-1.,0.));
#4593=DIRECTION('center_axis',(1.33977735261721E-33,0.,-1.));
#4594=DIRECTION('ref_axis',(-1.,0.,-1.33977735261721E-33));
#4595=DIRECTION('',(0.,-1.,0.));
#4596=DIRECTION('',(1.,0.,1.33977735261721E-33));
#4597=DIRECTION('center_axis',(0.,0.,1.));
#4598=DIRECTION('ref_axis',(1.,0.,0.));
#4599=DIRECTION('',(-1.,0.,0.));
#4600=DIRECTION('',(0.,-1.,0.));
#4601=DIRECTION('center_axis',(1.,0.,1.02716263700653E-33));
#4602=DIRECTION('ref_axis',(1.02716263700653E-33,0.,-1.));
#4603=DIRECTION('',(-1.02716263700653E-33,0.,1.));
#4604=DIRECTION('center_axis',(0.,1.,0.));
#4605=DIRECTION('ref_axis',(0.,0.,1.));
#4606=DIRECTION('center_axis',(1.,0.,1.02716263700653E-33));
#4607=DIRECTION('ref_axis',(1.02716263700653E-33,0.,-1.));
#4608=DIRECTION('',(1.02716263700653E-33,0.,-1.));
#4609=DIRECTION('center_axis',(0.,1.,0.));
#4610=DIRECTION('ref_axis',(0.,0.,1.));
#4611=DIRECTION('center_axis',(0.,1.,0.));
#4612=DIRECTION('ref_axis',(-0.707106781186547,0.,-0.707106781186547));
#4613=DIRECTION('center_axis',(0.,-1.,0.));
#4614=DIRECTION('ref_axis',(-0.707106781186547,0.,-0.707106781186547));
#4615=DIRECTION('',(0.,-1.,0.));
#4616=DIRECTION('center_axis',(0.,1.,0.));
#4617=DIRECTION('ref_axis',(-0.707106781186547,0.,-0.707106781186547));
#4618=DIRECTION('',(0.,1.,0.));
#4619=DIRECTION('center_axis',(0.,1.,0.));
#4620=DIRECTION('ref_axis',(0.,0.,1.));
#4621=DIRECTION('',(0.,0.,1.));
#4622=DIRECTION('center_axis',(0.,-1.,0.));
#4623=DIRECTION('ref_axis',(-0.707106781186547,0.,0.707106781186547));
#4624=DIRECTION('',(1.,0.,0.));
#4625=DIRECTION('center_axis',(0.,-1.,0.));
#4626=DIRECTION('ref_axis',(0.707106781186547,0.,0.707106781186547));
#4627=DIRECTION('',(1.02716263700653E-33,0.,-1.));
#4628=DIRECTION('center_axis',(0.,-1.,0.));
#4629=DIRECTION('ref_axis',(0.707106781186547,0.,-0.707106781186547));
#4630=DIRECTION('',(-1.,0.,-1.33977735261721E-33));
#4631=DIRECTION('center_axis',(-1.,0.,0.));
#4632=DIRECTION('ref_axis',(0.,0.,1.));
#4633=DIRECTION('',(0.,0.,1.));
#4634=DIRECTION('',(0.,-1.,0.));
#4635=DIRECTION('center_axis',(0.,1.,0.));
#4636=DIRECTION('ref_axis',(-0.707106781186547,0.,0.707106781186547));
#4637=DIRECTION('center_axis',(0.,1.,0.));
#4638=DIRECTION('ref_axis',(-0.707106781186547,0.,0.707106781186547));
#4639=DIRECTION('',(0.,1.,0.));
#4640=DIRECTION('center_axis',(0.,1.,0.));
#4641=DIRECTION('ref_axis',(0.707106781186547,0.,-0.707106781186547));
#4642=DIRECTION('',(0.,-1.,0.));
#4643=DIRECTION('center_axis',(0.,1.,0.));
#4644=DIRECTION('ref_axis',(0.707106781186547,0.,-0.707106781186547));
#4645=DIRECTION('',(0.,1.,0.));
#4646=DIRECTION('center_axis',(1.,0.,1.02716263700653E-33));
#4647=DIRECTION('ref_axis',(1.02716263700653E-33,0.,-1.));
#4648=DIRECTION('',(0.,1.,0.));
#4649=DIRECTION('',(1.02716263700653E-33,0.,-1.));
#4650=DIRECTION('center_axis',(0.,1.,0.));
#4651=DIRECTION('ref_axis',(0.707106781186547,0.,0.707106781186547));
#4652=DIRECTION('',(0.,-1.,0.));
#4653=DIRECTION('center_axis',(0.,1.,0.));
#4654=DIRECTION('ref_axis',(0.707106781186547,0.,0.707106781186547));
#4655=DIRECTION('center_axis',(0.,0.,1.));
#4656=DIRECTION('ref_axis',(1.,0.,0.));
#4657=DIRECTION('',(1.,0.,0.));
#4658=DIRECTION('center_axis',(1.33977735261721E-33,0.,-1.));
#4659=DIRECTION('ref_axis',(-1.,0.,-1.33977735261721E-33));
#4660=DIRECTION('',(-1.,0.,-1.33977735261721E-33));
#4661=DIRECTION('center_axis',(0.,1.,0.));
#4662=DIRECTION('ref_axis',(0.,0.,1.));
#4663=DIRECTION('',(0.,2.73691106313441E-48,1.));
#4664=DIRECTION('',(1.,-1.22464679914735E-16,0.));
#4665=DIRECTION('center_axis',(0.,0.,1.));
#4666=DIRECTION('ref_axis',(1.,0.,0.));
#4667=CARTESIAN_POINT('',(0.,0.,0.));
#4668=CARTESIAN_POINT('',(0.,0.,0.));
#4669=CARTESIAN_POINT('',(0.,0.,0.));
#4670=CARTESIAN_POINT('',(0.,0.,0.));
#4671=CARTESIAN_POINT('',(0.,0.,0.));
#4672=CARTESIAN_POINT('Origin',(-11.5,-59.7805708113755,6.0001));
#4673=CARTESIAN_POINT('',(-11.5,-67.2805708113755,6.0001));
#4674=CARTESIAN_POINT('',(-16.5,-67.2805708113755,6.0001));
#4675=CARTESIAN_POINT('Origin',(-14.,-67.2805708113755,6.0001));
#4676=CARTESIAN_POINT('',(-11.5,-59.7805708113755,6.0001));
#4677=CARTESIAN_POINT('',(-11.5,-59.7805708113755,6.0001));
#4678=CARTESIAN_POINT('',(-16.5,-59.7805708113755,6.0001));
#4679=CARTESIAN_POINT('',(-1.5,-59.7805708113755,6.0001));
#4680=CARTESIAN_POINT('',(-16.5,-59.7805708113755,6.0001));
#4681=CARTESIAN_POINT('Origin',(-14.,-67.2805708113755,3.0001));
#4682=CARTESIAN_POINT('',(-16.5,-67.2805708113755,3.0001));
#4683=CARTESIAN_POINT('',(-16.5,-67.2805708113755,4.5001));
#4684=CARTESIAN_POINT('',(-11.5,-67.2805708113755,3.0001));
#4685=CARTESIAN_POINT('Origin',(-14.,-67.2805708113755,3.0001));
#4686=CARTESIAN_POINT('',(-11.5,-67.2805708113755,3.0001));
#4687=CARTESIAN_POINT('Origin',(-11.5,-59.7805708113755,3.0001));
#4688=CARTESIAN_POINT('',(-11.5,-59.7805708113755,3.0001));
#4689=CARTESIAN_POINT('',(-11.5,-59.7805708113755,3.0001));
#4690=CARTESIAN_POINT('',(-11.5,-59.7805708113755,4.5001));
#4691=CARTESIAN_POINT('Origin',(-16.5,-59.7805708113755,3.0001));
#4692=CARTESIAN_POINT('',(-16.5,-59.7805708113755,3.0001));
#4693=CARTESIAN_POINT('',(-16.5,-59.7805708113755,3.0001));
#4694=CARTESIAN_POINT('',(-1.5,-59.7805708113755,3.0001));
#4695=CARTESIAN_POINT('Origin',(-16.5,-59.7805708113755,6.0001));
#4696=CARTESIAN_POINT('',(-16.5,-59.7805708113755,4.5001));
#4697=CARTESIAN_POINT('Origin',(-21.5,-59.7805708113755,3.0001));
#4698=CARTESIAN_POINT('',(0.,0.,0.));
#4699=CARTESIAN_POINT('Origin',(-14.,37.,14.0001));
#4700=CARTESIAN_POINT('',(-12.,32.,14.0001));
#4701=CARTESIAN_POINT('',(-12.,42.,14.0001));
#4702=CARTESIAN_POINT('',(-12.,34.5,14.0001));
#4703=CARTESIAN_POINT('',(-16.,42.,14.0001));
#4704=CARTESIAN_POINT('',(-7.75,42.,14.0001));
#4705=CARTESIAN_POINT('',(-16.,32.,14.0001));
#4706=CARTESIAN_POINT('',(-16.,39.5,14.0001));
#4707=CARTESIAN_POINT('',(-15.,32.,14.0001));
#4708=CARTESIAN_POINT('Origin',(-1.5,42.,3.0001));
#4709=CARTESIAN_POINT('',(-12.,42.,9.0001));
#4710=CARTESIAN_POINT('',(-12.,42.,11.0001));
#4711=CARTESIAN_POINT('',(-6.5,42.,9.0001));
#4712=CARTESIAN_POINT('',(-11.5,42.,9.0001));
#4713=CARTESIAN_POINT('',(-6.5,42.,3.0001));
#4714=CARTESIAN_POINT('',(-6.5,42.,6.0001));
#4715=CARTESIAN_POINT('',(-21.5,42.,3.0001));
#4716=CARTESIAN_POINT('',(-8.,42.,3.0001));
#4717=CARTESIAN_POINT('',(-21.5,42.,9.0001));
#4718=CARTESIAN_POINT('',(-21.5,42.,3.0001));
#4719=CARTESIAN_POINT('',(-16.,42.,9.0001));
#4720=CARTESIAN_POINT('',(-11.5,42.,9.0001));
#4721=CARTESIAN_POINT('',(-16.,42.,11.0001));
#4722=CARTESIAN_POINT('Origin',(-12.,32.,9.0001));
#4723=CARTESIAN_POINT('',(-12.,32.,9.0001));
#4724=CARTESIAN_POINT('',(-12.,32.,9.0001));
#4725=CARTESIAN_POINT('',(-12.,27.7458200635049,9.0001));
#4726=CARTESIAN_POINT('Origin',(-16.,32.,9.0001));
#4727=CARTESIAN_POINT('',(-16.,32.,9.0001));
#4728=CARTESIAN_POINT('',(-16.,32.,9.0001));
#4729=CARTESIAN_POINT('',(-18.75,32.,9.0001));
#4730=CARTESIAN_POINT('Origin',(-16.,42.,9.0001));
#4731=CARTESIAN_POINT('',(-16.,32.7458200635049,9.0001));
#4732=CARTESIAN_POINT('Origin',(-21.5,23.4916401270098,9.0001));
#4733=CARTESIAN_POINT('',(-21.5,12.,9.0001));
#4734=CARTESIAN_POINT('',(-21.5,23.4916401270098,9.0001));
#4735=CARTESIAN_POINT('',(-6.5,12.,9.0001));
#4736=CARTESIAN_POINT('',(-11.5,12.,9.0001));
#4737=CARTESIAN_POINT('',(-6.5,23.4916401270098,9.0001));
#4738=CARTESIAN_POINT('Origin',(-21.5,12.,3.0001));
#4739=CARTESIAN_POINT('',(-21.5,12.,3.0001));
#4740=CARTESIAN_POINT('',(-21.5,12.,3.0001));
#4741=CARTESIAN_POINT('',(-21.5,12.,3.0001));
#4742=CARTESIAN_POINT('Origin',(-6.5,12.,6.0001));
#4743=CARTESIAN_POINT('',(-6.5,12.,3.0001));
#4744=CARTESIAN_POINT('',(-6.5,12.,6.0001));
#4745=CARTESIAN_POINT('',(-6.5,12.,3.0001));
#4746=CARTESIAN_POINT('Origin',(-6.5,12.,3.0001));
#4747=CARTESIAN_POINT('',(-8.,12.,3.0001));
#4748=CARTESIAN_POINT('Origin',(-1.5,12.,3.0001));
#4749=CARTESIAN_POINT('',(0.,0.,0.));
#4750=CARTESIAN_POINT('Origin',(-12.6227997528034,-6.94956006819377,26.4725066248742));
#4751=CARTESIAN_POINT('',(-10.6227997528034,3.05043993180623,26.4725066248742));
#4752=CARTESIAN_POINT('',(-14.6227997528034,3.05043993180623,26.4725066248742));
#4753=CARTESIAN_POINT('',(-11.6227997528034,3.05043993180623,26.4725066248742));
#4754=CARTESIAN_POINT('',(-10.6227997528034,-16.9495600681938,26.4725066248742));
#4755=CARTESIAN_POINT('',(-10.6227997528034,-11.9495600681938,26.4725066248742));
#4756=CARTESIAN_POINT('',(-14.6227997528034,-16.9495600681938,26.4725066248742));
#4757=CARTESIAN_POINT('',(-13.6227997528034,-16.9495600681938,26.4725066248742));
#4758=CARTESIAN_POINT('',(-14.6227997528034,-1.94956006819377,26.4725066248742));
#4759=CARTESIAN_POINT('Origin',(-10.6227997528034,-16.9495600681938,25.4725066248742));
#4760=CARTESIAN_POINT('',(-10.6227997528034,3.05043993180623,30.4725066248742));
#4761=CARTESIAN_POINT('',(-10.6227997528034,3.05043993180623,25.4725066248742));
#4762=CARTESIAN_POINT('',(-10.6227997528034,-16.9495600681938,30.4725066248742));
#4763=CARTESIAN_POINT('',(-10.6227997528034,-16.9495600681938,30.4725066248742));
#4764=CARTESIAN_POINT('',(-10.6227997528034,-16.9495600681938,25.4725066248742));
#4765=CARTESIAN_POINT('Origin',(-10.6227997528034,3.05043993180623,25.4725066248742));
#4766=CARTESIAN_POINT('',(-14.6227997528034,3.05043993180623,30.4725066248742));
#4767=CARTESIAN_POINT('',(-14.6227997528034,3.05043993180623,25.4725066248742));
#4768=CARTESIAN_POINT('',(-10.6227997528034,3.05043993180623,30.4725066248742));
#4769=CARTESIAN_POINT('Origin',(-14.6227997528034,-16.9495600681938,25.4725066248742));
#4770=CARTESIAN_POINT('',(-14.6227997528034,-16.9495600681938,30.4725066248742));
#4771=CARTESIAN_POINT('',(-14.6227997528034,-16.9495600681938,30.4725066248742));
#4772=CARTESIAN_POINT('',(-14.6227997528034,-16.9495600681938,25.4725066248742));
#4773=CARTESIAN_POINT('Origin',(-14.6227997528034,3.05043993180623,25.4725066248742));
#4774=CARTESIAN_POINT('',(-14.6227997528034,3.05043993180623,30.4725066248742));
#4775=CARTESIAN_POINT('Origin',(-12.6227997528034,-6.94956006819377,30.4725066248742));
#4776=CARTESIAN_POINT('',(0.,0.,0.));
#4777=CARTESIAN_POINT('Origin',(-14.6227997528034,-20.8526456544744,22.3279895932371));
#4778=CARTESIAN_POINT('',(-16.1227997528034,-20.8526456544744,27.3279895932371));
#4779=CARTESIAN_POINT('Origin',(-14.6227997528034,-20.8526456544744,27.3279895932371));
#4780=CARTESIAN_POINT('',(-16.1227997528034,-20.8526456544744,22.3279895932371));
#4781=CARTESIAN_POINT('',(-16.1227997528034,-20.8526456544744,22.3279895932371));
#4782=CARTESIAN_POINT('Origin',(-14.6227997528034,-20.8526456544744,22.3279895932371));
#4783=CARTESIAN_POINT('Origin',(-14.6227997528034,-20.8526456544744,22.3279895932371));
#4784=CARTESIAN_POINT('Origin',(-14.6227997528034,-20.8526456544744,27.3279895932371));
#4785=CARTESIAN_POINT('Origin',(-8.,-22.5117118342835,6.0001));
#4786=CARTESIAN_POINT('',(-8.,-22.5117118342835,3.0001));
#4787=CARTESIAN_POINT('',(-8.,-22.5117118342835,6.0001));
#4788=CARTESIAN_POINT('',(-8.,-22.5117118342835,6.0001));
#4789=CARTESIAN_POINT('',(-6.5,-22.5117118342835,3.0001));
#4790=CARTESIAN_POINT('',(-8.,-22.5117118342835,3.0001));
#4791=CARTESIAN_POINT('',(-6.5,-22.5117118342835,6.0001));
#4792=CARTESIAN_POINT('',(-6.5,-22.5117118342835,6.0001));
#4793=CARTESIAN_POINT('',(-8.,-22.5117118342835,6.0001));
#4794=CARTESIAN_POINT('Origin',(-6.5,1.5,3.0001));
#4795=CARTESIAN_POINT('',(-6.5,12.,3.0001));
#4796=CARTESIAN_POINT('',(-6.5,12.,6.0001));
#4797=CARTESIAN_POINT('',(-6.5,12.,3.0001));
#4798=CARTESIAN_POINT('',(-6.5,2.37612595102351,6.0001));
#4799=CARTESIAN_POINT('',(-6.5,2.37612595102351,3.0001));
#4800=CARTESIAN_POINT('Origin',(-1.5,12.,3.0001));
#4801=CARTESIAN_POINT('',(-21.5,12.,3.0001));
#4802=CARTESIAN_POINT('',(-8.,12.,3.0001));
#4803=CARTESIAN_POINT('',(-21.5,12.,6.0001));
#4804=CARTESIAN_POINT('',(-21.5,12.,3.0001));
#4805=CARTESIAN_POINT('',(-6.5,12.,6.0001));
#4806=CARTESIAN_POINT('Origin',(-11.5,11.5,3.0001));
#4807=CARTESIAN_POINT('',(-11.5,-31.,3.0001));
#4808=CARTESIAN_POINT('',(-4.01116638183225,-12.8378920639677,3.0001));
#4809=CARTESIAN_POINT('',(-11.5,-48.5,3.0001));
#4810=CARTESIAN_POINT('',(-11.5,-18.5,3.0001));
#4811=CARTESIAN_POINT('',(-16.5,-48.5,3.0001));
#4812=CARTESIAN_POINT('',(-1.5,-48.5,3.0001));
#4813=CARTESIAN_POINT('',(-21.5,-13.5,3.0001));
#4814=CARTESIAN_POINT('',(-23.15,-1.95,3.0001));
#4815=CARTESIAN_POINT('',(-21.5,1.5,3.0001));
#4816=CARTESIAN_POINT('',(-16.1227997528034,-20.8526456544744,3.0001));
#4817=CARTESIAN_POINT('Origin',(-14.6227997528034,-20.8526456544744,3.0001));
#4818=CARTESIAN_POINT('Origin',(-11.5,11.5,6.0001));
#4819=CARTESIAN_POINT('',(-21.5,-13.5,6.0001));
#4820=CARTESIAN_POINT('',(-21.5,1.5,6.0001));
#4821=CARTESIAN_POINT('',(-16.5,-48.5,6.0001));
#4822=CARTESIAN_POINT('',(-23.15,-1.95,6.0001));
#4823=CARTESIAN_POINT('',(-11.5,-48.5,6.0001));
#4824=CARTESIAN_POINT('',(-1.5,-48.5,6.0001));
#4825=CARTESIAN_POINT('',(-11.5,-31.,6.0001));
#4826=CARTESIAN_POINT('',(-11.5,-18.5,6.0001));
#4827=CARTESIAN_POINT('',(-4.01116638183225,-12.8378920639677,6.0001));
#4828=CARTESIAN_POINT('Origin',(-14.6227997528034,-20.8526456544744,3.0001));
#4829=CARTESIAN_POINT('',(-16.1227997528034,-20.8526456544744,4.0001));
#4830=CARTESIAN_POINT('',(-16.1227997528034,-20.8526456544744,3.0001));
#4831=CARTESIAN_POINT('Origin',(-14.6227997528034,-20.8526456544744,4.0001));
#4832=CARTESIAN_POINT('Origin',(-14.6227997528034,-20.8526456544744,4.0001));
#4833=CARTESIAN_POINT('Origin',(-21.5,-13.5,6.0001));
#4834=CARTESIAN_POINT('',(-16.5,-48.5,4.5001));
#4835=CARTESIAN_POINT('',(-21.5,-13.5,4.5001));
#4836=CARTESIAN_POINT('Origin',(-21.5,-48.5,3.0001));
#4837=CARTESIAN_POINT('',(-11.5,-48.5,4.5001));
#4838=CARTESIAN_POINT('Origin',(-11.5,-31.,6.0001));
#4839=CARTESIAN_POINT('',(-11.5,-31.,6.0001));
#4840=CARTESIAN_POINT('Origin',(-11.5,-48.5,6.0001));
#4841=CARTESIAN_POINT('Origin',(-21.5,21.5,3.0001));
#4842=CARTESIAN_POINT('',(0.,0.,2.22044604925031E-16));
#4843=CARTESIAN_POINT('',(-6.12843109593086E-13,11.2805708113755,2.22044604925031E-15));
#4844=CARTESIAN_POINT('',(0.,0.,2.22044604925031E-16));
#4845=CARTESIAN_POINT('',(-0.877200247197423,-12.2054159853357,35.3036066248747));
#4846=CARTESIAN_POINT('',(0.,0.,-19.3278895932366));
#4847=CARTESIAN_POINT('',(0.,0.,0.));
#4848=CARTESIAN_POINT('',(0.,0.,0.));
#4849=CARTESIAN_POINT('',(0.,0.,0.));
#4850=CARTESIAN_POINT('Origin',(-11.5,-48.5,6.0001));
#4851=CARTESIAN_POINT('',(-11.5,-56.,6.0001));
#4852=CARTESIAN_POINT('',(-16.5,-56.,6.0001));
#4853=CARTESIAN_POINT('Origin',(-14.,-56.,6.0001));
#4854=CARTESIAN_POINT('',(-11.5,-48.5,6.0001));
#4855=CARTESIAN_POINT('',(-11.5,-48.5,6.0001));
#4856=CARTESIAN_POINT('',(-16.5,-48.5,6.0001));
#4857=CARTESIAN_POINT('',(-1.5,-48.5,6.0001));
#4858=CARTESIAN_POINT('',(-16.5,-48.5,6.0001));
#4859=CARTESIAN_POINT('Origin',(-14.,-56.,3.0001));
#4860=CARTESIAN_POINT('',(-16.5,-56.,3.0001));
#4861=CARTESIAN_POINT('',(-16.5,-56.,4.5001));
#4862=CARTESIAN_POINT('',(-11.5,-56.,3.0001));
#4863=CARTESIAN_POINT('Origin',(-14.,-56.,3.0001));
#4864=CARTESIAN_POINT('',(-11.5,-56.,3.0001));
#4865=CARTESIAN_POINT('Origin',(-11.5,-48.5,3.0001));
#4866=CARTESIAN_POINT('',(-11.5,-48.5,3.0001));
#4867=CARTESIAN_POINT('',(-11.5,-48.5,3.0001));
#4868=CARTESIAN_POINT('',(-11.5,-48.5,4.5001));
#4869=CARTESIAN_POINT('Origin',(-16.5,-48.5,3.0001));
#4870=CARTESIAN_POINT('',(-16.5,-48.5,3.0001));
#4871=CARTESIAN_POINT('',(-16.5,-48.5,3.0001));
#4872=CARTESIAN_POINT('',(-1.5,-48.5,3.0001));
#4873=CARTESIAN_POINT('Origin',(-16.5,-48.5,6.0001));
#4874=CARTESIAN_POINT('',(-16.5,-48.5,4.5001));
#4875=CARTESIAN_POINT('Origin',(-21.5,-48.5,3.0001));
#4876=CARTESIAN_POINT('',(0.,0.,0.));
#4877=CARTESIAN_POINT('Origin',(-6.5,0.,0.));
#4878=CARTESIAN_POINT('',(-6.5,12.,-1.));
#4879=CARTESIAN_POINT('',(-6.5,12.,3.));
#4880=CARTESIAN_POINT('',(-6.5,12.,0.));
#4881=CARTESIAN_POINT('',(-6.5,-18.,3.));
#4882=CARTESIAN_POINT('',(-6.5,5.75,3.));
#4883=CARTESIAN_POINT('',(-6.5,-18.,-1.));
#4884=CARTESIAN_POINT('',(-6.5,-18.,0.));
#4885=CARTESIAN_POINT('',(-6.5,5.75,-1.));
#4886=CARTESIAN_POINT('Origin',(-21.5,23.,0.));
#4887=CARTESIAN_POINT('',(-21.5,12.,-1.));
#4888=CARTESIAN_POINT('',(-21.5,12.,3.));
#4889=CARTESIAN_POINT('',(-21.5,12.,0.));
#4890=CARTESIAN_POINT('',(-21.5,-18.,-1.));
#4891=CARTESIAN_POINT('',(-21.5,17.25,-1.));
#4892=CARTESIAN_POINT('',(-21.5,-18.,3.));
#4893=CARTESIAN_POINT('',(-21.5,-18.,0.));
#4894=CARTESIAN_POINT('',(-21.5,17.25,3.));
#4895=CARTESIAN_POINT('Origin',(-11.5,11.5,-1.));
#4896=CARTESIAN_POINT('',(-8.,12.,-1.));
#4897=CARTESIAN_POINT('',(0.,-18.,-1.));
#4898=CARTESIAN_POINT('Origin',(0.,12.,0.));
#4899=CARTESIAN_POINT('',(-8.,12.,3.));
#4900=CARTESIAN_POINT('Origin',(-23.,-18.,0.));
#4901=CARTESIAN_POINT('',(-8.,-18.,3.));
#4902=CARTESIAN_POINT('Origin',(-11.5,11.5,3.));
#4903=CARTESIAN_POINT('',(0.,0.,0.));
#4904=CARTESIAN_POINT('Origin',(-14.6227997528034,-20.8526456544744,4.0001));
#4905=CARTESIAN_POINT('',(-16.1227997528034,-20.8526456544744,1.5001));
#4906=CARTESIAN_POINT('Origin',(-14.6227997528034,-20.8526456544744,1.5001));
#4907=CARTESIAN_POINT('',(-16.1227997528034,-20.8526456544744,4.0001));
#4908=CARTESIAN_POINT('',(-16.1227997528034,-20.8526456544744,4.0001));
#4909=CARTESIAN_POINT('Origin',(-14.6227997528034,-20.8526456544744,4.0001));
#4910=CARTESIAN_POINT('Origin',(-14.6227997528034,-20.8526456544744,1.5001));
#4911=CARTESIAN_POINT('Origin',(-14.6227997528034,-20.8526456544744,4.0001));
#4912=CARTESIAN_POINT('',(0.,0.,0.));
#4913=CARTESIAN_POINT('Origin',(-8.,-22.5117118342835,20.2718346515314));
#4914=CARTESIAN_POINT('',(-8.,-22.5117118342835,17.2718346515314));
#4915=CARTESIAN_POINT('',(-8.,-22.5117118342835,20.2718346515314));
#4916=CARTESIAN_POINT('',(-8.,-22.5117118342835,20.2718346515314));
#4917=CARTESIAN_POINT('',(-6.5,-22.5117118342835,17.2718346515314));
#4918=CARTESIAN_POINT('',(-8.,-22.5117118342835,17.2718346515314));
#4919=CARTESIAN_POINT('',(-6.5,-22.5117118342835,20.2718346515314));
#4920=CARTESIAN_POINT('',(-6.5,-22.5117118342835,20.2718346515314));
#4921=CARTESIAN_POINT('',(-8.,-22.5117118342835,20.2718346515314));
#4922=CARTESIAN_POINT('Origin',(-6.5,1.5,17.2718346515314));
#4923=CARTESIAN_POINT('',(-6.5,12.,17.2718346515314));
#4924=CARTESIAN_POINT('',(-6.5,12.,20.2718346515314));
#4925=CARTESIAN_POINT('',(-6.5,12.,17.2718346515314));
#4926=CARTESIAN_POINT('',(-6.5,2.37612595102351,20.2718346515314));
#4927=CARTESIAN_POINT('',(-6.5,2.37612595102351,17.2718346515314));
#4928=CARTESIAN_POINT('Origin',(-1.5,12.,17.2718346515314));
#4929=CARTESIAN_POINT('',(-21.5,12.,17.2718346515314));
#4930=CARTESIAN_POINT('',(-8.,12.,17.2718346515314));
#4931=CARTESIAN_POINT('',(-21.5,12.,20.2718346515314));
#4932=CARTESIAN_POINT('',(-21.5,12.,17.2718346515314));
#4933=CARTESIAN_POINT('',(-6.5,12.,20.2718346515314));
#4934=CARTESIAN_POINT('Origin',(-11.5,11.5,17.2718346515314));
#4935=CARTESIAN_POINT('',(-11.5,-31.,17.2718346515314));
#4936=CARTESIAN_POINT('',(-4.01116638183225,-12.8378920639677,17.2718346515314));
#4937=CARTESIAN_POINT('',(-11.5,-48.5,17.2718346515314));
#4938=CARTESIAN_POINT('',(-11.5,-18.5,17.2718346515314));
#4939=CARTESIAN_POINT('',(-16.5,-48.5,17.2718346515314));
#4940=CARTESIAN_POINT('',(-1.5,-48.5,17.2718346515314));
#4941=CARTESIAN_POINT('',(-21.5,-13.5,17.2718346515314));
#4942=CARTESIAN_POINT('',(-23.15,-1.95,17.2718346515314));
#4943=CARTESIAN_POINT('',(-21.5,1.5,17.2718346515314));
#4944=CARTESIAN_POINT('',(-16.1227997528034,-20.8526456544744,17.2718346515314));
#4945=CARTESIAN_POINT('Origin',(-14.6227997528034,-20.8526456544744,17.2718346515314));
#4946=CARTESIAN_POINT('Origin',(-11.5,11.5,20.2718346515314));
#4947=CARTESIAN_POINT('',(-21.5,-13.5,20.2718346515314));
#4948=CARTESIAN_POINT('',(-21.5,1.5,20.2718346515314));
#4949=CARTESIAN_POINT('',(-16.5,-48.5,20.2718346515314));
#4950=CARTESIAN_POINT('',(-23.15,-1.95,20.2718346515314));
#4951=CARTESIAN_POINT('',(-11.5,-48.5,20.2718346515314));
#4952=CARTESIAN_POINT('',(-1.5,-48.5,20.2718346515314));
#4953=CARTESIAN_POINT('',(-11.5,-31.,20.2718346515314));
#4954=CARTESIAN_POINT('',(-11.5,-18.5,20.2718346515314));
#4955=CARTESIAN_POINT('',(-4.01116638183225,-12.8378920639677,20.2718346515314));
#4956=CARTESIAN_POINT('Origin',(-14.6227997528034,-20.8526456544744,17.2718346515314));
#4957=CARTESIAN_POINT('',(-16.1227997528034,-20.8526456544744,18.2718346515314));
#4958=CARTESIAN_POINT('',(-16.1227997528034,-20.8526456544744,17.2718346515314));
#4959=CARTESIAN_POINT('Origin',(-14.6227997528034,-20.8526456544744,18.2718346515314));
#4960=CARTESIAN_POINT('Origin',(-14.6227997528034,-20.8526456544744,18.2718346515314));
#4961=CARTESIAN_POINT('Origin',(-21.5,-13.5,20.2718346515314));
#4962=CARTESIAN_POINT('',(-16.5,-48.5,18.7718346515314));
#4963=CARTESIAN_POINT('',(-21.5,-13.5,18.7718346515314));
#4964=CARTESIAN_POINT('Origin',(-21.5,-48.5,17.2718346515314));
#4965=CARTESIAN_POINT('',(-11.5,-48.5,18.7718346515314));
#4966=CARTESIAN_POINT('Origin',(-11.5,-31.,20.2718346515314));
#4967=CARTESIAN_POINT('',(-11.5,-31.,20.2718346515314));
#4968=CARTESIAN_POINT('Origin',(-11.5,-48.5,20.2718346515314));
#4969=CARTESIAN_POINT('Origin',(-21.5,21.5,17.2718346515314));
#4970=CARTESIAN_POINT('',(0.,0.,0.));
#4971=CARTESIAN_POINT('Origin',(-14.,37.,-24.1679791157208));
#4972=CARTESIAN_POINT('',(-16.,42.,-24.1679791157208));
#4973=CARTESIAN_POINT('',(-16.,32.,-24.1679791157208));
#4974=CARTESIAN_POINT('',(-16.,34.5,-24.1679791157208));
#4975=CARTESIAN_POINT('',(-12.,42.,-24.1679791157208));
#4976=CARTESIAN_POINT('',(-17.75,42.,-24.1679791157208));
#4977=CARTESIAN_POINT('',(-12.,32.,-24.1679791157208));
#4978=CARTESIAN_POINT('',(-12.,39.5,-24.1679791157208));
#4979=CARTESIAN_POINT('',(-13.,32.,-24.1679791157208));
#4980=CARTESIAN_POINT('Origin',(-12.,32.,-19.1679791157208));
#4981=CARTESIAN_POINT('',(-12.,32.,-19.1679791157208));
#4982=CARTESIAN_POINT('',(-12.,32.,-19.1679791157208));
#4983=CARTESIAN_POINT('',(-16.,32.,-19.1679791157208));
#4984=CARTESIAN_POINT('',(-13.,32.,-19.1679791157208));
#4985=CARTESIAN_POINT('',(-16.,32.,-19.1679791157208));
#4986=CARTESIAN_POINT('Origin',(-12.,42.,-19.1679791157208));
#4987=CARTESIAN_POINT('',(-12.,42.,-19.1679791157208));
#4988=CARTESIAN_POINT('',(-12.,42.,-19.1679791157208));
#4989=CARTESIAN_POINT('',(-12.,27.,-19.1679791157208));
#4990=CARTESIAN_POINT('Origin',(-16.,32.,-19.1679791157208));
#4991=CARTESIAN_POINT('',(-16.,42.,-19.1679791157208));
#4992=CARTESIAN_POINT('',(-16.,22.,-19.1679791157208));
#4993=CARTESIAN_POINT('',(-16.,42.,-19.1679791157208));
#4994=CARTESIAN_POINT('Origin',(-20.494,27.00005,-10.1679791157208));
#4995=CARTESIAN_POINT('',(-19.494,12.0001,-10.1679791157208));
#4996=CARTESIAN_POINT('',(-19.494,42.,-10.1679791157208));
#4997=CARTESIAN_POINT('',(-19.494,12.0001,-10.1679791157208));
#4998=CARTESIAN_POINT('',(-21.5,42.,-10.1679791157208));
#4999=CARTESIAN_POINT('',(-19.494,42.,-10.1679791157208));
#5000=CARTESIAN_POINT('',(-21.5,12.0001,-10.1679791157208));
#5001=CARTESIAN_POINT('',(-21.5,42.,-10.1679791157208));
#5002=CARTESIAN_POINT('',(-21.494,12.0001,-10.1679791157208));
#5003=CARTESIAN_POINT('Origin',(-16.1626666666667,27.00005,-10.1679791157208));
#5004=CARTESIAN_POINT('',(-10.8313333333333,42.,-10.1679791157208));
#5005=CARTESIAN_POINT('',(-17.1626666666667,42.,-10.1679791157208));
#5006=CARTESIAN_POINT('',(-10.8313333333333,42.,-10.1679791157208));
#5007=CARTESIAN_POINT('',(-17.1626666666667,12.0001,-10.1679791157208));
#5008=CARTESIAN_POINT('',(-17.1626666666667,42.,-10.1679791157208));
#5009=CARTESIAN_POINT('',(-10.8313333333333,12.0001,-10.1679791157208));
#5010=CARTESIAN_POINT('',(-17.1626666666667,12.0001,-10.1679791157208));
#5011=CARTESIAN_POINT('',(-10.8313333333333,12.0001,-10.1679791157208));
#5012=CARTESIAN_POINT('Origin',(-7.5,27.00005,-10.1679791157208));
#5013=CARTESIAN_POINT('',(-6.5,12.0001,-10.1679791157208));
#5014=CARTESIAN_POINT('',(-6.5,42.,-10.1679791157208));
#5015=CARTESIAN_POINT('',(-6.5,12.0001,-10.1679791157208));
#5016=CARTESIAN_POINT('',(-8.5,42.,-10.1679791157208));
#5017=CARTESIAN_POINT('',(-6.5,42.,-10.1679791157208));
#5018=CARTESIAN_POINT('',(-8.5,12.0001,-10.1679791157208));
#5019=CARTESIAN_POINT('',(-8.5,42.,-10.1679791157208));
#5020=CARTESIAN_POINT('',(-8.5,12.0001,-10.1679791157208));
#5021=CARTESIAN_POINT('Origin',(-14.,12.,-19.1679791157208));
#5022=CARTESIAN_POINT('',(-6.5,42.,-19.1679791157208));
#5023=CARTESIAN_POINT('',(-17.75,42.,-19.1679791157208));
#5024=CARTESIAN_POINT('',(-6.5,-18.,-19.1679791157208));
#5025=CARTESIAN_POINT('',(-6.5,27.,-19.1679791157208));
#5026=CARTESIAN_POINT('',(-21.5,-18.,-19.1679791157208));
#5027=CARTESIAN_POINT('',(-10.25,-18.,-19.1679791157208));
#5028=CARTESIAN_POINT('',(-21.5,42.,-19.1679791157208));
#5029=CARTESIAN_POINT('',(-21.5,-3.,-19.1679791157208));
#5030=CARTESIAN_POINT('',(-17.75,42.,-19.1679791157208));
#5031=CARTESIAN_POINT('Origin',(-6.5,-18.,-17.1679791157208));
#5032=CARTESIAN_POINT('',(-6.5,-18.,-17.1679791157208));
#5033=CARTESIAN_POINT('',(-6.5,-18.,-17.1679791157208));
#5034=CARTESIAN_POINT('',(-21.5,-18.,-17.1679791157208));
#5035=CARTESIAN_POINT('',(-6.5,-18.,-17.1679791157208));
#5036=CARTESIAN_POINT('',(-21.5,-18.,-17.1679791157208));
#5037=CARTESIAN_POINT('Origin',(-6.5,42.,-17.1679791157208));
#5038=CARTESIAN_POINT('',(-6.5,42.,-17.1679791157208));
#5039=CARTESIAN_POINT('',(-6.5,12.0001,-17.1679791157208));
#5040=CARTESIAN_POINT('',(-6.5,12.0001,-17.1679791157208));
#5041=CARTESIAN_POINT('',(-6.5,42.,-17.1679791157208));
#5042=CARTESIAN_POINT('Origin',(-21.494,12.0001,-17.1679791157208));
#5043=CARTESIAN_POINT('',(-19.494,12.0001,-17.1679791157208));
#5044=CARTESIAN_POINT('',(-21.5,12.0001,-17.1679791157208));
#5045=CARTESIAN_POINT('',(-17.747,12.0001,-17.1679791157208));
#5046=CARTESIAN_POINT('',(-19.494,12.0001,-17.1679791157208));
#5047=CARTESIAN_POINT('',(-21.5,12.0001,-17.1679791157208));
#5048=CARTESIAN_POINT('Origin',(-19.494,12.0001,-17.1679791157208));
#5049=CARTESIAN_POINT('',(-19.494,42.,-17.1679791157208));
#5050=CARTESIAN_POINT('',(-19.494,12.00005,-17.1679791157208));
#5051=CARTESIAN_POINT('',(-19.494,42.,-17.1679791157208));
#5052=CARTESIAN_POINT('Origin',(-17.1626666666667,12.0001,-17.1679791157208));
#5053=CARTESIAN_POINT('',(-10.8313333333333,12.0001,-17.1679791157208));
#5054=CARTESIAN_POINT('',(-17.1626666666667,12.0001,-17.1679791157208));
#5055=CARTESIAN_POINT('',(-15.5813333333333,12.0001,-17.1679791157208));
#5056=CARTESIAN_POINT('',(-10.8313333333333,12.0001,-17.1679791157208));
#5057=CARTESIAN_POINT('',(-17.1626666666667,12.0001,-17.1679791157208));
#5058=CARTESIAN_POINT('Origin',(-17.1626666666667,42.,-17.1679791157208));
#5059=CARTESIAN_POINT('',(-17.1626666666667,42.,-17.1679791157208));
#5060=CARTESIAN_POINT('',(-17.1626666666667,27.,-17.1679791157208));
#5061=CARTESIAN_POINT('',(-17.1626666666667,42.,-17.1679791157208));
#5062=CARTESIAN_POINT('Origin',(-10.8313333333333,12.0001,-17.1679791157208));
#5063=CARTESIAN_POINT('',(-10.8313333333333,42.,-17.1679791157208));
#5064=CARTESIAN_POINT('',(-10.8313333333333,12.00005,-17.1679791157208));
#5065=CARTESIAN_POINT('',(-10.8313333333333,42.,-17.1679791157208));
#5066=CARTESIAN_POINT('Origin',(-8.5,12.0001,-17.1679791157208));
#5067=CARTESIAN_POINT('',(-8.5,12.0001,-17.1679791157208));
#5068=CARTESIAN_POINT('',(-11.25,12.0001,-17.1679791157208));
#5069=CARTESIAN_POINT('',(-8.5,12.0001,-17.1679791157208));
#5070=CARTESIAN_POINT('Origin',(-8.5,42.,-17.1679791157208));
#5071=CARTESIAN_POINT('',(-8.5,42.,-17.1679791157208));
#5072=CARTESIAN_POINT('',(-8.5,27.,-17.1679791157208));
#5073=CARTESIAN_POINT('',(-8.5,42.,-17.1679791157208));
#5074=CARTESIAN_POINT('Origin',(-21.5,42.,-17.1679791157208));
#5075=CARTESIAN_POINT('',(-21.5,42.,-14.1679791157208));
#5076=CARTESIAN_POINT('',(-21.5,42.,-17.1679791157208));
#5077=CARTESIAN_POINT('',(-21.5,42.,-17.1679791157208));
#5078=CARTESIAN_POINT('Origin',(-21.5,-18.,-17.1679791157208));
#5079=CARTESIAN_POINT('',(-21.5,-18.,-17.1679791157208));
#5080=CARTESIAN_POINT('Origin',(-14.,12.,-17.1679791157208));
#5081=CARTESIAN_POINT('',(0.,0.,0.));
#5082=CARTESIAN_POINT('',(-27.7681818108001,-35.7127447802948,1.68560736537066));
#5083=CARTESIAN_POINT('',(-27.7681818108001,-35.7127447802948,1.68550736537065));
#5084=CARTESIAN_POINT('',(-27.7797820030034,-35.6797995582204,1.60500497027066));
#5085=CARTESIAN_POINT('',(-27.7681818108001,-35.7127447802948,15.9573420169021));
#5086=CARTESIAN_POINT('',(-27.7681818108001,-35.7127947802948,-14.4824717503502));
#5087=CARTESIAN_POINT('Origin',(-17.2701926412001,128.682668026435,5.1575));
#5088=CARTESIAN_POINT('',(-17.2701926412001,128.682668026435,10.1575));
#5089=CARTESIAN_POINT('',(2.12980735879988,128.682668026435,10.1575));
#5090=CARTESIAN_POINT('',(-8.07019264120012,128.682668026435,10.1575));
#5091=CARTESIAN_POINT('',(-17.2701926412001,128.682668026435,5.1575));
#5092=CARTESIAN_POINT('',(-17.2701926412001,128.682668026435,5.1575));
#5093=CARTESIAN_POINT('',(2.12980735879988,128.682668026435,5.1575));
#5094=CARTESIAN_POINT('',(-8.07019264120012,128.682668026435,5.1575));
#5095=CARTESIAN_POINT('',(2.12980735879988,128.682668026435,5.1575));
#5096=CARTESIAN_POINT('Origin',(2.12980735879988,133.682668026435,5.1575));
#5097=CARTESIAN_POINT('',(2.12980735879988,133.682668026435,10.1575));
#5098=CARTESIAN_POINT('',(-17.2701926412001,133.682668026435,10.1575));
#5099=CARTESIAN_POINT('',(1.62980735879988,133.682668026435,10.1575));
#5100=CARTESIAN_POINT('',(2.12980735879988,133.682668026435,5.1575));
#5101=CARTESIAN_POINT('',(2.12980735879988,133.682668026435,5.1575));
#5102=CARTESIAN_POINT('',(-17.2701926412001,133.682668026435,5.1575));
#5103=CARTESIAN_POINT('',(1.62980735879988,133.682668026435,5.1575));
#5104=CARTESIAN_POINT('',(-17.2701926412001,133.682668026435,5.1575));
#5105=CARTESIAN_POINT('Origin',(2.12980735879988,133.682668026435,5.1575));
#5106=CARTESIAN_POINT('',(-17.2701926412001,133.682668026435,12.1575));
#5107=CARTESIAN_POINT('',(2.12980735879988,133.682668026435,12.1575));
#5108=CARTESIAN_POINT('',(-6.87019264120012,133.682668026435,12.1575));
#5109=CARTESIAN_POINT('',(-17.2701926412001,133.682668026435,19.1575));
#5110=CARTESIAN_POINT('',(-17.2701926412001,133.682668026435,5.1575));
#5111=CARTESIAN_POINT('',(2.12980735879988,133.682668026435,19.1575));
#5112=CARTESIAN_POINT('',(1.62980735879988,133.682668026435,19.1575));
#5113=CARTESIAN_POINT('',(2.12980735879988,133.682668026435,5.1575));
#5114=CARTESIAN_POINT('Origin',(-17.2701926412001,128.682668026435,5.1575));
#5115=CARTESIAN_POINT('',(2.12980735879988,128.682668026435,12.1575));
#5116=CARTESIAN_POINT('',(-17.2701926412001,128.682668026435,12.1575));
#5117=CARTESIAN_POINT('',(-16.5701926412001,128.682668026435,12.1575));
#5118=CARTESIAN_POINT('',(2.12980735879988,128.682668026435,19.1575));
#5119=CARTESIAN_POINT('',(2.12980735879988,128.682668026435,5.1575));
#5120=CARTESIAN_POINT('',(-17.2701926412001,128.682668026435,19.1575));
#5121=CARTESIAN_POINT('',(-8.07019264120012,128.682668026435,19.1575));
#5122=CARTESIAN_POINT('',(-17.2701926412001,128.682668026435,5.1575));
#5123=CARTESIAN_POINT('Origin',(1.12980735879988,150.,5.1575));
#5124=CARTESIAN_POINT('',(-17.2701926412001,105.,5.1575));
#5125=CARTESIAN_POINT('',(-17.2701926412001,190.,5.1575));
#5126=CARTESIAN_POINT('',(2.12980735879988,105.,5.1575));
#5127=CARTESIAN_POINT('',(1.12980735879988,105.,5.1575));
#5128=CARTESIAN_POINT('',(2.12980735879988,150.,5.1575));
#5129=CARTESIAN_POINT('Origin',(-15.8701926412001,105.,12.1575));
#5130=CARTESIAN_POINT('',(-17.2701926412001,105.,12.1575));
#5131=CARTESIAN_POINT('',(-17.2701926412001,105.,12.1575));
#5132=CARTESIAN_POINT('',(2.12980735879988,105.,12.1575));
#5133=CARTESIAN_POINT('',(-7.37019264120012,105.,12.1575));
#5134=CARTESIAN_POINT('',(2.12980735879988,52.5,12.1575));
#5135=CARTESIAN_POINT('Origin',(1.12980735879988,105.,10.1575));
#5136=CARTESIAN_POINT('',(-17.2701926412001,198.,10.1575));
#5137=CARTESIAN_POINT('',(-17.2701926412001,150.,10.1575));
#5138=CARTESIAN_POINT('',(2.12980735879988,198.,10.1575));
#5139=CARTESIAN_POINT('',(-3.12019264120012,198.,10.1575));
#5140=CARTESIAN_POINT('',(2.12980735879988,150.,10.1575));
#5141=CARTESIAN_POINT('Origin',(1.12980735879988,105.,19.1575));
#5142=CARTESIAN_POINT('',(-17.2701926412001,198.,19.1575));
#5143=CARTESIAN_POINT('',(-17.2701926412001,150.,19.1575));
#5144=CARTESIAN_POINT('',(2.12980735879988,198.,19.1575));
#5145=CARTESIAN_POINT('',(-3.12019264120012,198.,19.1575));
#5146=CARTESIAN_POINT('',(2.12980735879988,52.5,19.1575));
#5147=CARTESIAN_POINT('',(-10.6837019995714,137.936300098176,19.1575));
#5148=CARTESIAN_POINT('',(-3.68370199957144,137.936300098176,19.1575));
#5149=CARTESIAN_POINT('',(-1.27694732038582,137.936300098176,19.1575));
#5150=CARTESIAN_POINT('',(-3.68370199957144,161.936300098176,19.1575));
#5151=CARTESIAN_POINT('',(-3.68370199957144,133.468150049088,19.1575));
#5152=CARTESIAN_POINT('',(-10.6837019995714,161.936300098176,19.1575));
#5153=CARTESIAN_POINT('',(-4.77694732038578,161.936300098176,19.1575));
#5154=CARTESIAN_POINT('',(-10.6837019995714,121.468150049088,19.1575));
#5155=CARTESIAN_POINT('Origin',(1.12980735879988,105.,19.1575));
#5156=CARTESIAN_POINT('',(2.12980735879988,105.,19.1575));
#5157=CARTESIAN_POINT('',(2.12980735879988,52.5,19.1575));
#5158=CARTESIAN_POINT('',(-17.2701926412001,105.,19.1575));
#5159=CARTESIAN_POINT('',(-15.8701926412001,105.,19.1575));
#5160=CARTESIAN_POINT('',(-17.2701926412001,150.,19.1575));
#5161=CARTESIAN_POINT('Origin',(2.12980735879988,0.,17.));
#5162=CARTESIAN_POINT('',(2.12980735879988,198.,12.1575));
#5163=CARTESIAN_POINT('',(2.12980735879988,198.,13.82875));
#5164=CARTESIAN_POINT('',(2.12980735879988,52.5,12.1575));
#5165=CARTESIAN_POINT('',(2.12980735879988,198.,22.315));
#5166=CARTESIAN_POINT('',(2.12980735879988,198.,12.75));
#5167=CARTESIAN_POINT('',(2.12980735879988,100.,22.315));
#5168=CARTESIAN_POINT('',(2.12980735879988,0.,22.315));
#5169=CARTESIAN_POINT('',(2.12980735879988,100.,12.));
#5170=CARTESIAN_POINT('',(2.12980735879988,100.,15.75));
#5171=CARTESIAN_POINT('',(2.12980735879988,-1.5,12.));
#5172=CARTESIAN_POINT('',(2.12980735879988,0.,12.));
#5173=CARTESIAN_POINT('',(2.12980735879988,-1.5,9.));
#5174=CARTESIAN_POINT('',(2.12980735879988,-1.5,14.5));
#5175=CARTESIAN_POINT('',(2.12980735879988,100.,9.));
#5176=CARTESIAN_POINT('',(2.12980735879988,0.,9.));
#5177=CARTESIAN_POINT('',(2.12980735879988,100.,2.699));
#5178=CARTESIAN_POINT('',(2.12980735879988,100.,9.75));
#5179=CARTESIAN_POINT('',(2.12980735879988,198.,2.699));
#5180=CARTESIAN_POINT('',(2.12980735879988,0.,2.699));
#5181=CARTESIAN_POINT('',(2.12980735879988,198.,5.1575));
#5182=CARTESIAN_POINT('',(2.12980735879988,198.,12.75));
#5183=CARTESIAN_POINT('',(2.12980735879988,150.,5.1575));
#5184=CARTESIAN_POINT('',(2.12980735879988,105.,10.1575));
#5185=CARTESIAN_POINT('',(2.12980735879988,105.,10.07875));
#5186=CARTESIAN_POINT('',(2.12980735879988,150.,10.1575));
#5187=CARTESIAN_POINT('',(2.12980735879988,105.,10.07875));
#5188=CARTESIAN_POINT('Origin',(-7.57019264120012,105.,15.6942009967189));
#5189=CARTESIAN_POINT('',(-5.07019264120012,105.,15.6942009967189));
#5190=CARTESIAN_POINT('Origin',(-7.57019264120012,105.,15.6942009967189));
#5191=CARTESIAN_POINT('',(-5.07019264120012,100.,15.6942009967189));
#5192=CARTESIAN_POINT('',(-5.07019264120012,105.,15.6942009967189));
#5193=CARTESIAN_POINT('Origin',(-7.57019264120012,100.,15.6942009967189));
#5194=CARTESIAN_POINT('Origin',(-7.51175432321589,95.,7.98123896841688));
#5195=CARTESIAN_POINT('',(-8.61272024481732,95.,9.));
#5196=CARTESIAN_POINT('',(-6.41078840161446,95.,9.));
#5197=CARTESIAN_POINT('',(-11.690973482208,95.,9.));
#5198=CARTESIAN_POINT('Origin',(-7.51175432321589,95.,7.98123896841688));
#5199=CARTESIAN_POINT('Origin',(-7.51175432321589,105.,7.98123896841688));
#5200=CARTESIAN_POINT('',(-6.01175432321589,105.,7.98123896841688));
#5201=CARTESIAN_POINT('Origin',(-7.51175432321589,105.,7.98123896841688));
#5202=CARTESIAN_POINT('',(-6.01175432321589,100.,7.98123896841688));
#5203=CARTESIAN_POINT('',(-6.01175432321589,105.,7.98123896841688));
#5204=CARTESIAN_POINT('',(-6.41078840161446,100.,9.));
#5205=CARTESIAN_POINT('Origin',(-7.51175432321589,100.,7.98123896841688));
#5206=CARTESIAN_POINT('',(-6.41078840161446,105.,9.));
#5207=CARTESIAN_POINT('',(-8.61272024481732,100.,9.));
#5208=CARTESIAN_POINT('',(-8.61272024481732,105.,9.));
#5209=CARTESIAN_POINT('Origin',(-7.51175432321589,100.,7.98123896841688));
#5210=CARTESIAN_POINT('Origin',(-15.8701926412001,0.,9.));
#5211=CARTESIAN_POINT('',(-15.8701926412001,100.,9.));
#5212=CARTESIAN_POINT('',(1.12980735879988,-1.5,9.));
#5213=CARTESIAN_POINT('',(1.12980735879988,-1.5,9.));
#5214=CARTESIAN_POINT('',(0.965301595089076,-3.16419224754523,9.));
#5215=CARTESIAN_POINT('Origin',(-7.37019264120012,-1.5,9.));
#5216=CARTESIAN_POINT('',(-15.7056868774893,-3.16419224754523,9.));
#5217=CARTESIAN_POINT('',(-15.7879397593447,-3.16419224754523,9.));
#5218=CARTESIAN_POINT('',(-15.8701926412001,-1.5,9.));
#5219=CARTESIAN_POINT('Origin',(-7.37019264120012,-1.5,9.));
#5220=CARTESIAN_POINT('',(-17.2701926412001,-1.5,9.));
#5221=CARTESIAN_POINT('',(-15.8701926412001,-1.5,9.));
#5222=CARTESIAN_POINT('',(-17.2701926412001,100.,9.));
#5223=CARTESIAN_POINT('',(-17.2701926412001,0.,9.));
#5224=CARTESIAN_POINT('',(-15.8701926412001,100.,9.));
#5225=CARTESIAN_POINT('Origin',(-7.37019264120012,198.,10.6575));
#5226=CARTESIAN_POINT('',(-17.2701926412001,198.,12.1575));
#5227=CARTESIAN_POINT('',(-17.2701926412001,198.,5.32875));
#5228=CARTESIAN_POINT('',(-11.6201926412001,198.,12.1575));
#5229=CARTESIAN_POINT('Origin',(-7.37019264120012,198.,8.5));
#5230=CARTESIAN_POINT('',(-17.2701926412001,198.,22.315));
#5231=CARTESIAN_POINT('',(-17.2701926412001,198.,4.25));
#5232=CARTESIAN_POINT('',(-11.6201926412001,198.,22.315));
#5233=CARTESIAN_POINT('Origin',(-7.37019264120012,198.,8.5));
#5234=CARTESIAN_POINT('',(-17.2701926412001,198.,2.699));
#5235=CARTESIAN_POINT('',(-3.12019264120012,198.,2.699));
#5236=CARTESIAN_POINT('',(-17.2701926412001,198.,5.1575));
#5237=CARTESIAN_POINT('',(-17.2701926412001,198.,4.25));
#5238=CARTESIAN_POINT('',(-3.12019264120012,198.,5.1575));
#5239=CARTESIAN_POINT('Origin',(-15.8701926412001,105.,12.1575));
#5240=CARTESIAN_POINT('',(-17.2701926412001,105.,12.1575));
#5241=CARTESIAN_POINT('Origin',(-15.8701926412001,0.,22.315));
#5242=CARTESIAN_POINT('',(-17.2701926412001,100.,22.315));
#5243=CARTESIAN_POINT('',(-17.2701926412001,0.,22.315));
#5244=CARTESIAN_POINT('',(-15.8701926412001,100.,22.315));
#5245=CARTESIAN_POINT('',(-3.68370199957144,137.936300098176,22.315));
#5246=CARTESIAN_POINT('',(-10.6837019995714,137.936300098176,22.315));
#5247=CARTESIAN_POINT('',(-9.77694732038595,137.936300098176,22.315));
#5248=CARTESIAN_POINT('',(-10.6837019995714,161.936300098176,22.315));
#5249=CARTESIAN_POINT('',(-10.6837019995714,68.968150049088,22.315));
#5250=CARTESIAN_POINT('',(-3.68370199957144,161.936300098176,22.315));
#5251=CARTESIAN_POINT('',(-13.2769473203858,161.936300098176,22.315));
#5252=CARTESIAN_POINT('',(-3.68370199957144,80.968150049088,22.315));
#5253=CARTESIAN_POINT('Origin',(1.12980735879988,150.,5.1575));
#5254=CARTESIAN_POINT('',(-17.2701926412001,190.,5.1575));
#5255=CARTESIAN_POINT('Origin',(-17.2701926412001,0.,0.));
#5256=CARTESIAN_POINT('',(-17.2701926412001,100.,2.699));
#5257=CARTESIAN_POINT('',(-17.2701926412001,0.,2.699));
#5258=CARTESIAN_POINT('',(-17.2701926412001,100.,2.5));
#5259=CARTESIAN_POINT('',(-17.2701926412001,-1.5,12.));
#5260=CARTESIAN_POINT('',(-17.2701926412001,-1.5,4.25));
#5261=CARTESIAN_POINT('',(-17.2701926412001,100.,12.));
#5262=CARTESIAN_POINT('',(-17.2701926412001,0.,12.));
#5263=CARTESIAN_POINT('',(-17.2701926412001,100.,17.));
#5264=CARTESIAN_POINT('',(-17.2701926412001,105.,10.1575));
#5265=CARTESIAN_POINT('',(-17.2701926412001,150.,10.1575));
#5266=CARTESIAN_POINT('',(-17.2701926412001,105.,1.57875));
#5267=CARTESIAN_POINT('',(-17.2701926412001,105.,1.57875));
#5268=CARTESIAN_POINT('Origin',(-15.7056868774893,-3.16419224754523,12.));
#5269=CARTESIAN_POINT('',(0.965301595089076,-3.16419224754523,12.));
#5270=CARTESIAN_POINT('',(0.965301595089079,-3.16419224754523,12.75));
#5271=CARTESIAN_POINT('',(-15.7056868774893,-3.16419224754523,12.));
#5272=CARTESIAN_POINT('',(-7.28793975934471,-3.16419224754523,12.));
#5273=CARTESIAN_POINT('',(-15.7056868774893,-3.16419224754523,12.75));
#5274=CARTESIAN_POINT('Origin',(-7.37019264120012,-1.5,12.75));
#5275=CARTESIAN_POINT('',(-15.8701926412001,-1.5,12.));
#5276=CARTESIAN_POINT('Origin',(-7.37019264120012,-1.5,12.));
#5277=CARTESIAN_POINT('',(-15.8701926412001,-1.5,4.25));
#5278=CARTESIAN_POINT('Origin',(1.12980735879988,0.,2.699));
#5279=CARTESIAN_POINT('',(-3.12019264120012,100.,2.699));
#5280=CARTESIAN_POINT('Origin',(-7.37019264120012,100.,2.5));
#5281=CARTESIAN_POINT('Origin',(-10.6837019995714,161.936300098176,22.315));
#5282=CARTESIAN_POINT('',(-3.68370199957144,161.936300098176,22.315));
#5283=CARTESIAN_POINT('',(-10.6837019995714,161.936300098176,22.315));
#5284=CARTESIAN_POINT('Origin',(-10.6837019995714,137.936300098176,22.315));
#5285=CARTESIAN_POINT('',(-10.6837019995714,137.936300098176,22.315));
#5286=CARTESIAN_POINT('Origin',(-3.68370199957144,137.936300098176,22.315));
#5287=CARTESIAN_POINT('',(-3.68370199957144,137.936300098176,22.315));
#5288=CARTESIAN_POINT('Origin',(-3.68370199957144,161.936300098176,22.315));
#5289=CARTESIAN_POINT('Origin',(1.12980735879988,105.,10.1575));
#5290=CARTESIAN_POINT('',(1.12980735879988,105.,10.1575));
#5291=CARTESIAN_POINT('Origin',(1.12980735879988,105.,3.1575));
#5292=CARTESIAN_POINT('Origin',(1.12980735879988,-1.5,12.));
#5293=CARTESIAN_POINT('',(1.12980735879988,-1.5,12.));
#5294=CARTESIAN_POINT('',(1.12980735879988,-1.5,12.));
#5295=CARTESIAN_POINT('',(1.12980735879988,-1.5,12.75));
#5296=CARTESIAN_POINT('Origin',(-15.8701926412001,-1.5,9.));
#5297=CARTESIAN_POINT('',(-15.8701926412001,-1.5,12.));
#5298=CARTESIAN_POINT('Origin',(1.12980735879988,0.,12.));
#5299=CARTESIAN_POINT('Origin',(-7.37019264120012,-1.5,12.));
#5300=CARTESIAN_POINT('',(-15.8701926412001,100.,12.));
#5301=CARTESIAN_POINT('Origin',(-7.37019264120012,-1.5,12.75));
#5302=CARTESIAN_POINT('Origin',(1.12980735879988,105.,3.1575));
#5303=CARTESIAN_POINT('Origin',(-7.37019264120012,100.,14.5));
#5304=CARTESIAN_POINT('Origin',(-10.6837019995714,137.936300098176,22.315));
#5305=CARTESIAN_POINT('',(-10.6837019995714,137.936300098176,22.315));
#5306=CARTESIAN_POINT('',(-3.68370199957144,137.936300098176,22.315));
#5307=CARTESIAN_POINT('',(-10.6837019995714,137.936300098176,22.315));
#5308=CARTESIAN_POINT('',(-3.68370199957144,137.936300098176,24.315));
#5309=CARTESIAN_POINT('',(-3.68370199957144,137.936300098176,22.315));
#5310=CARTESIAN_POINT('',(-10.6837019995714,137.936300098176,24.315));
#5311=CARTESIAN_POINT('',(-10.6837019995714,137.936300098176,24.315));
#5312=CARTESIAN_POINT('',(-10.6837019995714,137.936300098176,22.315));
#5313=CARTESIAN_POINT('Origin',(-10.6837019995714,161.936300098176,22.315));
#5314=CARTESIAN_POINT('',(-10.6837019995714,161.936300098176,22.315));
#5315=CARTESIAN_POINT('',(-10.6837019995714,161.936300098176,22.315));
#5316=CARTESIAN_POINT('',(-10.6837019995714,161.936300098176,24.315));
#5317=CARTESIAN_POINT('',(-10.6837019995714,161.936300098176,24.315));
#5318=CARTESIAN_POINT('',(-10.6837019995714,161.936300098176,22.315));
#5319=CARTESIAN_POINT('Origin',(-3.68370199957144,161.936300098176,22.315));
#5320=CARTESIAN_POINT('',(-3.68370199957144,161.936300098176,22.315));
#5321=CARTESIAN_POINT('',(-3.68370199957144,161.936300098176,22.315));
#5322=CARTESIAN_POINT('',(-3.68370199957144,161.936300098176,24.315));
#5323=CARTESIAN_POINT('',(-3.68370199957144,161.936300098176,24.315));
#5324=CARTESIAN_POINT('',(-3.68370199957144,161.936300098176,22.315));
#5325=CARTESIAN_POINT('Origin',(-3.68370199957144,137.936300098176,22.315));
#5326=CARTESIAN_POINT('',(-3.68370199957144,137.936300098176,22.315));
#5327=CARTESIAN_POINT('',(-3.68370199957144,137.936300098176,24.315));
#5328=CARTESIAN_POINT('Origin',(-7.18370199957144,149.936300098176,24.315));
#5329=CARTESIAN_POINT('Origin',(-7.18370199957144,149.936300098176,22.315));
#5330=CARTESIAN_POINT('',(-21.5701926412001,58.,12.0001));
#5331=CARTESIAN_POINT('',(6.20098916959987,57.2113418204011,16.3144926346294));
#5332=CARTESIAN_POINT('Origin',(-14.99057028538,134.519831689044,22.4306436629529));
#5333=CARTESIAN_POINT('',(-14.99057028538,164.519831689044,21.4306436629529));
#5334=CARTESIAN_POINT('',(-14.99057028538,134.519831689044,21.4306436629529));
#5335=CARTESIAN_POINT('',(-14.99057028538,67.2599158445221,21.4306436629529));
#5336=CARTESIAN_POINT('',(-14.99057028538,164.519831689044,22.4306436629529));
#5337=CARTESIAN_POINT('',(-14.99057028538,164.519831689044,22.4306436629529));
#5338=CARTESIAN_POINT('',(-14.99057028538,134.519831689044,22.4306436629529));
#5339=CARTESIAN_POINT('',(-14.99057028538,67.2599158445221,22.4306436629529));
#5340=CARTESIAN_POINT('',(-14.99057028538,134.519831689044,22.4306436629529));
#5341=CARTESIAN_POINT('Origin',(-5.99057028537998,134.519831689044,22.4306436629529));
#5342=CARTESIAN_POINT('',(-5.99057028537998,134.519831689044,21.4306436629529));
#5343=CARTESIAN_POINT('',(-14.0791471204075,134.519831689044,21.4306436629529));
#5344=CARTESIAN_POINT('',(-5.99057028537998,134.519831689044,22.4306436629529));
#5345=CARTESIAN_POINT('',(-14.0791471204075,134.519831689044,22.4306436629529));
#5346=CARTESIAN_POINT('',(-5.99057028537998,134.519831689044,22.4306436629529));
#5347=CARTESIAN_POINT('Origin',(-5.99057028537998,164.519831689044,22.4306436629529));
#5348=CARTESIAN_POINT('',(-5.99057028537998,164.519831689044,21.4306436629529));
#5349=CARTESIAN_POINT('',(-5.99057028537998,82.2599158445221,21.4306436629529));
#5350=CARTESIAN_POINT('',(-5.99057028537998,164.519831689044,22.4306436629529));
#5351=CARTESIAN_POINT('',(-5.99057028537998,82.2599158445221,22.4306436629529));
#5352=CARTESIAN_POINT('',(-5.99057028537998,164.519831689044,22.4306436629529));
#5353=CARTESIAN_POINT('Origin',(-14.99057028538,164.519831689044,22.4306436629529));
#5354=CARTESIAN_POINT('',(-18.5791471204075,164.519831689044,21.4306436629529));
#5355=CARTESIAN_POINT('',(-18.5791471204075,164.519831689044,22.4306436629529));
#5356=CARTESIAN_POINT('Origin',(-10.667723955435,-18.,11.1806436629529));
#5357=CARTESIAN_POINT('',(-2.88765590587015,-18.,2.68064366295291));
#5358=CARTESIAN_POINT('',(-18.5901222580568,-18.,2.68064366295291));
#5359=CARTESIAN_POINT('',(-14.6289231067459,-18.,2.68064366295291));
#5360=CARTESIAN_POINT('',(-2.88765590587015,-18.,19.6806436629529));
#5361=CARTESIAN_POINT('Origin',(-10.7388890819635,-18.,11.1806436629529));
#5362=CARTESIAN_POINT('',(-18.5901222580568,-18.,19.6806436629529));
#5363=CARTESIAN_POINT('',(-6.77768993065258,-18.,19.6806436629529));
#5364=CARTESIAN_POINT('',(-22.167723955435,-18.,12.9899517683648));
#5365=CARTESIAN_POINT('Origin',(-10.7388890819635,-18.,11.1806436629529));
#5366=CARTESIAN_POINT('',(-22.167723955435,-18.,9.37133555754108));
#5367=CARTESIAN_POINT('',(-22.167723955435,-18.,5.55564366295291));
#5368=CARTESIAN_POINT('Origin',(-10.7388890819635,-18.,11.1806436629529));
#5369=CARTESIAN_POINT('',(-3.59746065342057,-18.,4.18064366295297));
#5370=CARTESIAN_POINT('',(-3.59746065342067,-18.,18.180643662953));
#5371=CARTESIAN_POINT('Origin',(-10.7388890819635,-18.,11.1806436629529));
#5372=CARTESIAN_POINT('',(-17.8803175105064,-18.,4.18064366295297));
#5373=CARTESIAN_POINT('',(-14.2740207329707,-18.,4.18064366295297));
#5374=CARTESIAN_POINT('',(-17.8803175105063,-18.,18.180643662953));
#5375=CARTESIAN_POINT('Origin',(-10.7388890819635,-18.,11.1806436629529));
#5376=CARTESIAN_POINT('',(-7.13259230442784,-18.,18.180643662953));
#5377=CARTESIAN_POINT('Origin',(-17.8803175105064,-30.,4.18064366295297));
#5378=CARTESIAN_POINT('',(-3.59746065342057,-5.,4.18064366295297));
#5379=CARTESIAN_POINT('',(-3.59746065342057,-30.,4.18064366295297));
#5380=CARTESIAN_POINT('',(-17.8803175105064,-5.,4.18064366295297));
#5381=CARTESIAN_POINT('',(-0.738889081963343,-5.,4.18064366295297));
#5382=CARTESIAN_POINT('',(-17.8803175105064,-30.,4.18064366295297));
#5383=CARTESIAN_POINT('Origin',(-10.7388890819635,-30.,11.1806436629529));
#5384=CARTESIAN_POINT('',(-3.59746065342067,-5.,18.180643662953));
#5385=CARTESIAN_POINT('',(-3.59746065342067,-30.,18.180643662953));
#5386=CARTESIAN_POINT('Origin',(-10.7388890819635,-5.,11.1806436629529));
#5387=CARTESIAN_POINT('Origin',(-2.88765590587015,-30.,19.6806436629529));
#5388=CARTESIAN_POINT('',(-2.88765590587015,-8.,19.6806436629529));
#5389=CARTESIAN_POINT('',(-2.88765590587015,-30.,19.6806436629529));
#5390=CARTESIAN_POINT('',(-18.5901222580568,-8.,19.6806436629529));
#5391=CARTESIAN_POINT('',(4.76880752360272,-8.,19.6806436629529));
#5392=CARTESIAN_POINT('',(-18.5901222580568,-30.,19.6806436629529));
#5393=CARTESIAN_POINT('Origin',(-10.7388890819635,-30.,11.1806436629529));
#5394=CARTESIAN_POINT('',(-2.88765590587015,-8.,2.68064366295291));
#5395=CARTESIAN_POINT('',(-2.88765590587015,-30.,2.68064366295291));
#5396=CARTESIAN_POINT('',(-8.03160956455336,-8.,-0.0693563370470862));
#5397=CARTESIAN_POINT('Origin',(-10.7388890819635,-8.,11.1806436629529));
#5398=CARTESIAN_POINT('',(-8.03160956455335,-3.,-0.0693563370470862));
#5399=CARTESIAN_POINT('',(-8.03160956455336,-30.,-0.0693563370470862));
#5400=CARTESIAN_POINT('',(-1.00085219635925,-8.,4.93064366295291));
#5401=CARTESIAN_POINT('Ctrl Pts',(-8.03160956455336,-3.,-0.0693563370470862));
#5402=CARTESIAN_POINT('Ctrl Pts',(-8.03160956455336,-3.20498484280635,-0.0693563370470862));
#5403=CARTESIAN_POINT('Ctrl Pts',(-7.98257060427583,-3.37764271657177,-0.0576649152624482));
#5404=CARTESIAN_POINT('Ctrl Pts',(-7.84531214953491,-3.69725728686674,-0.0231094153803257));
#5405=CARTESIAN_POINT('Ctrl Pts',(-7.75553211150116,-3.8434961110004,0.000173213251154834));
#5406=CARTESIAN_POINT('Ctrl Pts',(-7.44573322985881,-4.26993082752595,0.0859187807667166));
#5407=CARTESIAN_POINT('Ctrl Pts',(-7.18848156051382,-4.53373039043689,0.163458158442204));
#5408=CARTESIAN_POINT('Ctrl Pts',(-6.33043614168618,-5.31766386079506,0.464999222208186));
#5409=CARTESIAN_POINT('Ctrl Pts',(-5.66223699665525,-5.80813988492694,0.758513225750936));
#5410=CARTESIAN_POINT('Ctrl Pts',(-4.33126593509543,-6.70091284632321,1.51069667870339));
#5411=CARTESIAN_POINT('Ctrl Pts',(-3.56508497809314,-7.1522624657426,2.05085474180015));
#5412=CARTESIAN_POINT('Ctrl Pts',(-2.15648330410216,-7.80294355071609,3.36023200404031));
#5413=CARTESIAN_POINT('Ctrl Pts',(-1.51422863972076,-8.,4.13075906428816));
#5414=CARTESIAN_POINT('Ctrl Pts',(-1.00085219635925,-8.,4.93064366295291));
#5415=CARTESIAN_POINT('',(0.83227604456499,-8.,11.1806436629529));
#5416=CARTESIAN_POINT('Origin',(-10.7388890819635,-8.,11.1806436629529));
#5417=CARTESIAN_POINT('',(-1.00085219635925,-8.,17.4306436629529));
#5418=CARTESIAN_POINT('Origin',(-10.7388890819635,-8.,11.1806436629529));
#5419=CARTESIAN_POINT('',(-8.03160956455336,-3.,22.4306436629529));
#5420=CARTESIAN_POINT('Ctrl Pts',(-1.00085219635925,-8.,17.4306436629529));
#5421=CARTESIAN_POINT('Ctrl Pts',(-1.15579295966793,-8.,17.6720546818623));
#5422=CARTESIAN_POINT('Ctrl Pts',(-1.32196960290915,-7.98235603169138,17.910971350653));
#5423=CARTESIAN_POINT('Ctrl Pts',(-1.90456538434566,-7.87114171334642,18.684470094925));
#5424=CARTESIAN_POINT('Ctrl Pts',(-2.35960389007464,-7.70517234740625,19.1832903015591));
#5425=CARTESIAN_POINT('Ctrl Pts',(-3.38727027060881,-7.23908842373107,20.152961167077));
#5426=CARTESIAN_POINT('Ctrl Pts',(-4.06428425990307,-6.86002873940686,20.6672496633939));
#5427=CARTESIAN_POINT('Ctrl Pts',(-5.44893986951238,-5.96426507936929,21.5035529593845));
#5428=CARTESIAN_POINT('Ctrl Pts',(-6.15915416206472,-5.45308540712183,21.8272133870112));
#5429=CARTESIAN_POINT('Ctrl Pts',(-7.06033487676065,-4.6575788589656,22.1556814328117));
#5430=CARTESIAN_POINT('Ctrl Pts',(-7.36189785402824,-4.36749702780512,22.2509196710191));
#5431=CARTESIAN_POINT('Ctrl Pts',(-7.72492977602622,-3.89203839056,22.3530969902135));
#5432=CARTESIAN_POINT('Ctrl Pts',(-7.83048742549565,-3.72692891259026,22.3806131831942));
#5433=CARTESIAN_POINT('Ctrl Pts',(-7.98385600352359,-3.37908263670127,22.419322866398));
#5434=CARTESIAN_POINT('Ctrl Pts',(-8.03160956455336,-3.19633472616291,22.4306436629529));
#5435=CARTESIAN_POINT('Ctrl Pts',(-8.03160956455335,-3.,22.4306436629529));
#5436=CARTESIAN_POINT('',(-8.03160956455335,-8.,22.4306436629529));
#5437=CARTESIAN_POINT('',(-8.03160956455336,-30.,22.4306436629529));
#5438=CARTESIAN_POINT('Origin',(-10.7388890819635,-8.,11.1806436629529));
#5439=CARTESIAN_POINT('Origin',(-18.5901222580568,-30.,2.68064366295291));
#5440=CARTESIAN_POINT('',(-18.5901222580568,-8.,2.68064366295291));
#5441=CARTESIAN_POINT('',(-18.5901222580568,-30.,2.68064366295291));
#5442=CARTESIAN_POINT('',(-26.2465856875297,-8.,2.68064366295291));
#5443=CARTESIAN_POINT('Origin',(-13.6607490732956,45.2123883132996,22.4306436629529));
#5444=CARTESIAN_POINT('',(-13.6607490732956,100.2123883133,21.4306436629529));
#5445=CARTESIAN_POINT('',(-13.6607490732956,45.2123883132996,21.4306436629529));
#5446=CARTESIAN_POINT('',(-13.6607490732956,22.6061941566498,21.4306436629529));
#5447=CARTESIAN_POINT('',(-13.6607490732956,100.2123883133,22.4306436629529));
#5448=CARTESIAN_POINT('',(-13.6607490732956,100.2123883133,22.4306436629529));
#5449=CARTESIAN_POINT('',(-13.6607490732956,45.2123883132996,22.4306436629529));
#5450=CARTESIAN_POINT('',(-13.6607490732956,22.6061941566498,22.4306436629529));
#5451=CARTESIAN_POINT('',(-13.6607490732956,45.2123883132996,22.4306436629529));
#5452=CARTESIAN_POINT('Origin',(-13.6607490732956,45.2123883132996,22.4306436629529));
#5453=CARTESIAN_POINT('',(-13.6607490732956,100.2123883133,-0.0693563370470862));
#5454=CARTESIAN_POINT('',(-13.6607490732956,45.2123883132996,-0.0693563370470862));
#5455=CARTESIAN_POINT('',(-13.6607490732956,22.6061941566498,-0.0693563370470862));
#5456=CARTESIAN_POINT('',(-13.6607490732956,100.2123883133,0.930643662952915));
#5457=CARTESIAN_POINT('',(-13.6607490732956,100.2123883133,22.4306436629529));
#5458=CARTESIAN_POINT('',(-13.6607490732956,45.2123883132996,0.930643662952915));
#5459=CARTESIAN_POINT('',(-13.6607490732956,22.6061941566498,0.930643662952915));
#5460=CARTESIAN_POINT('',(-13.6607490732956,45.2123883132996,22.4306436629529));
#5461=CARTESIAN_POINT('Origin',(-13.6607490732956,100.2123883133,22.4306436629529));
#5462=CARTESIAN_POINT('',(-7.84448984309529,100.2123883133,21.4306436629529));
#5463=CARTESIAN_POINT('',(-17.9142365143653,100.2123883133,21.4306436629529));
#5464=CARTESIAN_POINT('',(-7.84448984309529,100.2123883133,22.4306436629529));
#5465=CARTESIAN_POINT('',(-7.84448984309529,100.2123883133,22.4306436629529));
#5466=CARTESIAN_POINT('',(-17.9142365143653,100.2123883133,22.4306436629529));
#5467=CARTESIAN_POINT('Origin',(-7.84448984309529,45.2123883132996,22.4306436629529));
#5468=CARTESIAN_POINT('',(-7.84448984309529,45.2123883132996,21.4306436629529));
#5469=CARTESIAN_POINT('',(-15.0061068992652,45.2123883132996,21.4306436629529));
#5470=CARTESIAN_POINT('',(-7.84448984309529,45.2123883132996,22.4306436629529));
#5471=CARTESIAN_POINT('',(-15.0061068992652,45.2123883132996,22.4306436629529));
#5472=CARTESIAN_POINT('',(-7.84448984309529,45.2123883132996,22.4306436629529));
#5473=CARTESIAN_POINT('Origin',(-7.84448984309529,45.2123883132996,22.4306436629529));
#5474=CARTESIAN_POINT('',(-7.84448984309529,45.2123883132996,-0.0693563370470862));
#5475=CARTESIAN_POINT('',(-3.50610689926515,45.2123883132996,-0.0693563370470862));
#5476=CARTESIAN_POINT('',(-7.84448984309529,45.2123883132996,0.930643662952915));
#5477=CARTESIAN_POINT('',(-3.50610689926515,45.2123883132996,0.930643662952915));
#5478=CARTESIAN_POINT('',(-7.84448984309529,45.2123883132996,22.4306436629529));
#5479=CARTESIAN_POINT('Origin',(-7.84448984309529,100.2123883133,22.4306436629529));
#5480=CARTESIAN_POINT('',(-7.84448984309529,50.1061941566498,21.4306436629529));
#5481=CARTESIAN_POINT('',(-7.84448984309529,50.1061941566498,22.4306436629529));
#5482=CARTESIAN_POINT('Origin',(-7.84448984309529,100.2123883133,22.4306436629529));
#5483=CARTESIAN_POINT('',(-7.84448984309529,100.2123883133,-0.0693563370470862));
#5484=CARTESIAN_POINT('',(-7.84448984309529,50.1061941566498,-0.0693563370470862));
#5485=CARTESIAN_POINT('',(-7.84448984309529,100.2123883133,0.930643662952915));
#5486=CARTESIAN_POINT('',(-7.84448984309529,50.1061941566498,0.930643662952915));
#5487=CARTESIAN_POINT('',(-7.84448984309529,100.2123883133,22.4306436629529));
#5488=CARTESIAN_POINT('Origin',(-13.6607490732956,100.2123883133,22.4306436629529));
#5489=CARTESIAN_POINT('',(-6.41423651436529,100.2123883133,-0.0693563370470862));
#5490=CARTESIAN_POINT('',(-6.41423651436529,100.2123883133,0.930643662952915));
#5491=CARTESIAN_POINT('Origin',(-10.7388890819635,-8.,1.30564366295291));
#5492=CARTESIAN_POINT('',(-13.4461685993736,-8.,-0.0693563370470868));
#5493=CARTESIAN_POINT('Origin',(-10.7388890819635,-8.,11.1806436629529));
#5494=CARTESIAN_POINT('',(-4.95330651869924,-8.,-0.0693563370470862));
#5495=CARTESIAN_POINT('Origin',(-10.7388890819635,-8.,21.0556436629529));
#5496=CARTESIAN_POINT('',(-13.4461685993736,-8.,22.4306436629529));
#5497=CARTESIAN_POINT('',(-16.4533065186992,-8.,22.4306436629529));
#5498=CARTESIAN_POINT('Origin',(-10.7388890819635,-8.,11.1806436629529));
#5499=CARTESIAN_POINT('Origin',(0.83227604456499,0.,-0.0693563370470862));
#5500=CARTESIAN_POINT('',(-13.4461685993736,-3.,-0.0693563370470862));
#5501=CARTESIAN_POINT('',(-13.4461685993736,-30.,-0.0693563370470862));
#5502=CARTESIAN_POINT('',(-22.167723955435,-3.,-0.0693563370470862));
#5503=CARTESIAN_POINT('',(-8.48733511641965,-3.,-0.0693563370470862));
#5504=CARTESIAN_POINT('',(-22.167723955435,200.,-0.0693563370470862));
#5505=CARTESIAN_POINT('',(-22.167723955435,0.,-0.0693563370470862));
#5506=CARTESIAN_POINT('',(0.83227604456499,200.,-0.0693563370470862));
#5507=CARTESIAN_POINT('',(0.83227604456499,200.,-0.0693563370470862));
#5508=CARTESIAN_POINT('',(0.83227604456499,-3.,-0.0693563370470862));
#5509=CARTESIAN_POINT('',(0.83227604456499,0.,-0.0693563370470862));
#5510=CARTESIAN_POINT('',(-1.3836953577146,-3.,-0.0693563370470862));
#5511=CARTESIAN_POINT('Origin',(-10.7388890819635,-30.,11.1806436629529));
#5512=CARTESIAN_POINT('',(-22.167723955435,-8.,9.37133555754108));
#5513=CARTESIAN_POINT('',(-22.167723955435,-30.,9.37133555754108));
#5514=CARTESIAN_POINT('',(-20.4769259675677,-8.,4.93064366295291));
#5515=CARTESIAN_POINT('Origin',(-10.7388890819635,-8.,11.1806436629529));
#5516=CARTESIAN_POINT('Ctrl Pts',(-20.4769259675677,-8.,4.93064366295292));
#5517=CARTESIAN_POINT('Ctrl Pts',(-20.321985204259,-8.,4.68923264404354));
#5518=CARTESIAN_POINT('Ctrl Pts',(-20.1558085610178,-7.98235603169138,4.45031597525278));
#5519=CARTESIAN_POINT('Ctrl Pts',(-19.5732127795813,-7.87114171334641,3.67681723098082));
#5520=CARTESIAN_POINT('Ctrl Pts',(-19.1181742738523,-7.70517234740625,3.17799702434673));
#5521=CARTESIAN_POINT('Ctrl Pts',(-18.0905078933181,-7.23908842373107,2.20832615882879));
#5522=CARTESIAN_POINT('Ctrl Pts',(-17.4134939040239,-6.86002873940685,1.69403766251194));
#5523=CARTESIAN_POINT('Ctrl Pts',(-16.0288382944146,-5.96426507936928,0.857734366521348));
#5524=CARTESIAN_POINT('Ctrl Pts',(-15.3186240018622,-5.45308540712183,0.534073938894619));
#5525=CARTESIAN_POINT('Ctrl Pts',(-14.4174432871663,-4.6575788589656,0.205605893094108));
#5526=CARTESIAN_POINT('Ctrl Pts',(-14.1158803098987,-4.36749702780511,0.110367654886765));
#5527=CARTESIAN_POINT('Ctrl Pts',(-13.7528483879007,-3.89203839055999,0.008190335692313));
#5528=CARTESIAN_POINT('Ctrl Pts',(-13.6472907384313,-3.72692891259025,-0.0193258572884212));
#5529=CARTESIAN_POINT('Ctrl Pts',(-13.4939221604033,-3.37908263670127,-0.0580355404921751));
#5530=CARTESIAN_POINT('Ctrl Pts',(-13.4461685993736,-3.19633472616291,-0.0693563370470862));
#5531=CARTESIAN_POINT('Ctrl Pts',(-13.4461685993736,-3.,-0.0693563370470862));
#5532=CARTESIAN_POINT('Origin',(-22.167723955435,0.,22.4306436629529));
#5533=CARTESIAN_POINT('',(0.83227604456499,-3.,22.4306436629529));
#5534=CARTESIAN_POINT('',(-12.8836953577146,-3.,22.4306436629529));
#5535=CARTESIAN_POINT('',(0.83227604456499,200.,22.4306436629529));
#5536=CARTESIAN_POINT('',(0.83227604456499,0.,22.4306436629529));
#5537=CARTESIAN_POINT('',(-22.167723955435,200.,22.4306436629529));
#5538=CARTESIAN_POINT('',(-22.167723955435,200.,22.4306436629529));
#5539=CARTESIAN_POINT('',(-22.167723955435,-3.,22.4306436629529));
#5540=CARTESIAN_POINT('',(-22.167723955435,0.,22.4306436629529));
#5541=CARTESIAN_POINT('',(-13.4461685993736,-3.,22.4306436629529));
#5542=CARTESIAN_POINT('',(-19.9873351164197,-3.,22.4306436629529));
#5543=CARTESIAN_POINT('',(-13.4461685993736,-30.,22.4306436629529));
#5544=CARTESIAN_POINT('Origin',(-10.7388890819635,-30.,11.1806436629529));
#5545=CARTESIAN_POINT('',(-17.8803175105063,-5.,18.180643662953));
#5546=CARTESIAN_POINT('Origin',(-10.7388890819635,-5.,11.1806436629529));
#5547=CARTESIAN_POINT('',(-17.8803175105063,-30.,18.180643662953));
#5548=CARTESIAN_POINT('Origin',(-3.59746065342067,-30.,18.180643662953));
#5549=CARTESIAN_POINT('',(-20.7388890819633,-5.,18.180643662953));
#5550=CARTESIAN_POINT('Origin',(-8.48733511641965,-3.,4.93064366295291));
#5551=CARTESIAN_POINT('',(-22.167723955435,-8.,4.93064366295291));
#5552=CARTESIAN_POINT('Origin',(-22.167723955435,-3.,4.93064366295291));
#5553=CARTESIAN_POINT('',(-8.48733511641965,-8.,4.93064366295291));
#5554=CARTESIAN_POINT('Origin',(-17.8069462774043,-8.,4.650989610247));
#5555=CARTESIAN_POINT('',(-22.167723955435,-8.,2.29081663659995));
#5556=CARTESIAN_POINT('Origin',(-1.3836953577146,-3.,4.93064366295291));
#5557=CARTESIAN_POINT('',(0.83227604456499,-8.,4.93064366295291));
#5558=CARTESIAN_POINT('Origin',(0.83227604456499,-3.,4.93064366295291));
#5559=CARTESIAN_POINT('',(-1.3836953577146,-8.,4.93064366295291));
#5560=CARTESIAN_POINT('Origin',(-12.8836953577146,-3.,17.4306436629529));
#5561=CARTESIAN_POINT('',(0.83227604456499,-8.,17.4306436629529));
#5562=CARTESIAN_POINT('Origin',(0.83227604456499,-3.,17.4306436629529));
#5563=CARTESIAN_POINT('',(-12.8836953577146,-8.,17.4306436629529));
#5564=CARTESIAN_POINT('Origin',(-3.59966675999418,-8.,16.8056436629529));
#5565=CARTESIAN_POINT('',(0.83227604456499,-8.,19.6181436629529));
#5566=CARTESIAN_POINT('Origin',(-19.9873351164197,-3.,17.4306436629529));
#5567=CARTESIAN_POINT('',(-22.167723955435,-8.,17.4306436629529));
#5568=CARTESIAN_POINT('Origin',(-22.167723955435,-3.,17.4306436629529));
#5569=CARTESIAN_POINT('',(-20.4769259675677,-8.,17.4306436629529));
#5570=CARTESIAN_POINT('',(-19.9873351164197,-8.,17.4306436629529));
#5571=CARTESIAN_POINT('Ctrl Pts',(-13.4461685993736,-3.,22.4306436629529));
#5572=CARTESIAN_POINT('Ctrl Pts',(-13.4461685993736,-3.20498484280636,22.4306436629529));
#5573=CARTESIAN_POINT('Ctrl Pts',(-13.4952075596511,-3.37764271657178,22.4189522411683));
#5574=CARTESIAN_POINT('Ctrl Pts',(-13.632466014392,-3.69725728686675,22.3843967412862));
#5575=CARTESIAN_POINT('Ctrl Pts',(-13.7222460524258,-3.8434961110004,22.3611141126547));
#5576=CARTESIAN_POINT('Ctrl Pts',(-14.0320449340681,-4.26993082752594,22.2753685451391));
#5577=CARTESIAN_POINT('Ctrl Pts',(-14.2892966034131,-4.53373039043689,22.1978291674636));
#5578=CARTESIAN_POINT('Ctrl Pts',(-15.1473420222408,-5.31766386079506,21.8962881036976));
#5579=CARTESIAN_POINT('Ctrl Pts',(-15.8155411672717,-5.80813988492694,21.6027741001549));
#5580=CARTESIAN_POINT('Ctrl Pts',(-17.1465122288315,-6.70091284632321,20.8505906472024));
#5581=CARTESIAN_POINT('Ctrl Pts',(-17.9126931858338,-7.1522624657426,20.3104325841057));
#5582=CARTESIAN_POINT('Ctrl Pts',(-19.3212948598248,-7.80294355071609,19.0010553218655));
#5583=CARTESIAN_POINT('Ctrl Pts',(-19.9635495242062,-8.,18.2305282616177));
#5584=CARTESIAN_POINT('Ctrl Pts',(-20.4769259675677,-8.,17.4306436629529));
#5585=CARTESIAN_POINT('Origin',(-3.59966675999418,-8.,5.55564366295291));
#5586=CARTESIAN_POINT('',(0.83227604456499,-8.,13.9931436629529));
#5587=CARTESIAN_POINT('Origin',(-10.7388890819635,-30.,11.1806436629529));
#5588=CARTESIAN_POINT('',(-22.167723955435,-8.,12.9899517683648));
#5589=CARTESIAN_POINT('Origin',(-10.7388890819635,-8.,11.1806436629529));
#5590=CARTESIAN_POINT('',(-22.167723955435,-30.,12.9899517683648));
#5591=CARTESIAN_POINT('Origin',(-17.8069462774043,-8.,17.7102977156588));
#5592=CARTESIAN_POINT('',(-22.167723955435,-8.,8.82047068930588));
#5593=CARTESIAN_POINT('Origin',(-22.167723955435,0.,-0.0693563370470862));
#5594=CARTESIAN_POINT('',(-22.167723955435,200.,-0.0693563370470862));
#5595=CARTESIAN_POINT('Origin',(-10.667723955435,-5.,11.1806436629529));
#5596=CARTESIAN_POINT('',(-21.167723955435,-5.,0.930643662952915));
#5597=CARTESIAN_POINT('',(-0.167723955435011,-5.,0.930643662952915));
#5598=CARTESIAN_POINT('',(-4.91772395543501,-5.,0.930643662952914));
#5599=CARTESIAN_POINT('',(-21.167723955435,-5.,21.4306436629529));
#5600=CARTESIAN_POINT('',(-21.167723955435,-5.,5.55564366295291));
#5601=CARTESIAN_POINT('',(-0.167723955435011,-5.,21.4306436629529));
#5602=CARTESIAN_POINT('',(-16.417723955435,-5.,21.4306436629529));
#5603=CARTESIAN_POINT('',(-0.16772395543501,-5.,16.8056436629529));
#5604=CARTESIAN_POINT('Origin',(-21.167723955435,0.,-0.0693563370470862));
#5605=CARTESIAN_POINT('',(-21.167723955435,199.,0.930643662952914));
#5606=CARTESIAN_POINT('',(-21.167723955435,0.,0.930643662952914));
#5607=CARTESIAN_POINT('',(-21.167723955435,199.,21.4306436629529));
#5608=CARTESIAN_POINT('',(-21.167723955435,199.,5.55564366295291));
#5609=CARTESIAN_POINT('',(-21.167723955435,0.,21.4306436629529));
#5610=CARTESIAN_POINT('Origin',(0.83227604456499,0.,0.930643662952914));
#5611=CARTESIAN_POINT('',(-0.16772395543501,199.,0.930643662952914));
#5612=CARTESIAN_POINT('',(-0.16772395543501,0.,0.930643662952915));
#5613=CARTESIAN_POINT('',(-4.91772395543501,199.,0.930643662952915));
#5614=CARTESIAN_POINT('Origin',(-22.167723955435,0.,21.4306436629529));
#5615=CARTESIAN_POINT('',(-0.16772395543501,199.,21.4306436629529));
#5616=CARTESIAN_POINT('',(-16.417723955435,199.,21.4306436629529));
#5617=CARTESIAN_POINT('',(-0.16772395543501,0.,21.4306436629529));
#5618=CARTESIAN_POINT('Origin',(-0.16772395543501,0.,22.4306436629529));
#5619=CARTESIAN_POINT('',(-0.167723955435011,199.,16.8056436629529));
#5620=CARTESIAN_POINT('Origin',(-10.667723955435,199.,11.1806436629529));
#5621=CARTESIAN_POINT('Origin',(0.83227604456499,0.,22.4306436629529));
#5622=CARTESIAN_POINT('',(0.83227604456499,200.,22.4306436629529));
#5623=CARTESIAN_POINT('Origin',(-10.667723955435,200.,11.1806436629529));
#5624=CARTESIAN_POINT('Origin',(-17.167723955435,200.,4.93064366295291));
#5625=CARTESIAN_POINT('',(-22.167723955435,215.685,4.93064366295291));
#5626=CARTESIAN_POINT('',(-17.167723955435,215.685,-0.0693563370470862));
#5627=CARTESIAN_POINT('Origin',(-17.167723955435,215.685,4.93064366295291));
#5628=CARTESIAN_POINT('',(-17.167723955435,200.,-0.0693563370470862));
#5629=CARTESIAN_POINT('',(-17.167723955435,200.,-0.0693563370470862));
#5630=CARTESIAN_POINT('',(-22.167723955435,200.,4.93064366295291));
#5631=CARTESIAN_POINT('Origin',(-17.167723955435,200.,4.93064366295291));
#5632=CARTESIAN_POINT('',(-22.167723955435,200.,4.93064366295291));
#5633=CARTESIAN_POINT('Origin',(-10.667723955435,215.685,11.1806436629529));
#5634=CARTESIAN_POINT('',(-22.167723955435,215.685,17.4306436629529));
#5635=CARTESIAN_POINT('',(-22.167723955435,215.685,-0.0693563370470862));
#5636=CARTESIAN_POINT('',(-17.167723955435,215.685,22.4306436629529));
#5637=CARTESIAN_POINT('Origin',(-17.167723955435,215.685,17.4306436629529));
#5638=CARTESIAN_POINT('',(-4.16772395543501,215.685,22.4306436629529));
#5639=CARTESIAN_POINT('',(-22.167723955435,215.685,22.4306436629529));
#5640=CARTESIAN_POINT('',(0.83227604456499,215.685,17.4306436629529));
#5641=CARTESIAN_POINT('Origin',(-4.16772395543501,215.685,17.4306436629529));
#5642=CARTESIAN_POINT('',(0.83227604456499,215.685,4.93064366295291));
#5643=CARTESIAN_POINT('',(0.83227604456499,215.685,22.4306436629529));
#5644=CARTESIAN_POINT('',(-4.16772395543501,215.685,-0.0693563370470862));
#5645=CARTESIAN_POINT('Origin',(-4.16772395543501,215.685,4.93064366295291));
#5646=CARTESIAN_POINT('',(0.83227604456499,215.685,-0.0693563370470862));
#5647=CARTESIAN_POINT('Origin',(-22.167723955435,200.,-0.0693563370470862));
#5648=CARTESIAN_POINT('',(-22.167723955435,200.,17.4306436629529));
#5649=CARTESIAN_POINT('',(-22.167723955435,200.,-0.0693563370470862));
#5650=CARTESIAN_POINT('',(-22.167723955435,200.,17.4306436629529));
#5651=CARTESIAN_POINT('Origin',(-17.167723955435,200.,17.4306436629529));
#5652=CARTESIAN_POINT('',(-17.167723955435,200.,22.4306436629529));
#5653=CARTESIAN_POINT('Origin',(-17.167723955435,200.,17.4306436629529));
#5654=CARTESIAN_POINT('',(-17.167723955435,200.,22.4306436629529));
#5655=CARTESIAN_POINT('Origin',(-4.16772395543501,200.,4.93064366295291));
#5656=CARTESIAN_POINT('',(0.83227604456499,200.,4.93064366295291));
#5657=CARTESIAN_POINT('',(0.83227604456499,200.,4.93064366295291));
#5658=CARTESIAN_POINT('',(-4.16772395543501,200.,-0.0693563370470862));
#5659=CARTESIAN_POINT('Origin',(-4.16772395543501,200.,4.93064366295291));
#5660=CARTESIAN_POINT('',(-4.16772395543501,200.,-0.0693563370470862));
#5661=CARTESIAN_POINT('Origin',(0.83227604456499,200.,22.4306436629529));
#5662=CARTESIAN_POINT('',(0.83227604456499,200.,17.4306436629529));
#5663=CARTESIAN_POINT('',(0.83227604456499,200.,17.4306436629529));
#5664=CARTESIAN_POINT('',(0.83227604456499,200.,22.4306436629529));
#5665=CARTESIAN_POINT('Origin',(-4.16772395543501,200.,17.4306436629529));
#5666=CARTESIAN_POINT('',(-4.16772395543501,200.,22.4306436629529));
#5667=CARTESIAN_POINT('',(-4.16772395543501,200.,22.4306436629529));
#5668=CARTESIAN_POINT('Origin',(-4.16772395543501,200.,17.4306436629529));
#5669=CARTESIAN_POINT('Origin',(-22.167723955435,200.,22.4306436629529));
#5670=CARTESIAN_POINT('',(-22.167723955435,200.,22.4306436629529));
#5671=CARTESIAN_POINT('Origin',(0.83227604456499,200.,-0.0693563370470862));
#5672=CARTESIAN_POINT('',(0.83227604456499,200.,-0.0693563370470862));
#5673=CARTESIAN_POINT('Origin',(-10.667723955435,200.,11.1806436629529));
#5674=CARTESIAN_POINT('',(-3.0975313142349,0.,-1.18435633704709));
#5675=CARTESIAN_POINT('Origin',(0.,0.,0.));
#5676=UNCERTAINTY_MEASURE_WITH_UNIT(LENGTH_MEASURE(0.01),#5708,
'DISTANCE_ACCURACY_VALUE',
'Maximum model space distance between geometric entities at asserted c
onnectivities');
#5677=UNCERTAINTY_MEASURE_WITH_UNIT(LENGTH_MEASURE(0.01),#5708,
'DISTANCE_ACCURACY_VALUE',
'Maximum model space distance between geometric entities at asserted c
onnectivities');
#5678=UNCERTAINTY_MEASURE_WITH_UNIT(LENGTH_MEASURE(0.01),#5708,
'DISTANCE_ACCURACY_VALUE',
'Maximum model space distance between geometric entities at asserted c
onnectivities');
#5679=UNCERTAINTY_MEASURE_WITH_UNIT(LENGTH_MEASURE(0.01),#5708,
'DISTANCE_ACCURACY_VALUE',
'Maximum model space distance between geometric entities at asserted c
onnectivities');
#5680=UNCERTAINTY_MEASURE_WITH_UNIT(LENGTH_MEASURE(0.01),#5708,
'DISTANCE_ACCURACY_VALUE',
'Maximum model space distance between geometric entities at asserted c
onnectivities');
#5681=UNCERTAINTY_MEASURE_WITH_UNIT(LENGTH_MEASURE(0.01),#5708,
'DISTANCE_ACCURACY_VALUE',
'Maximum model space distance between geometric entities at asserted c
onnectivities');
#5682=UNCERTAINTY_MEASURE_WITH_UNIT(LENGTH_MEASURE(0.01),#5708,
'DISTANCE_ACCURACY_VALUE',
'Maximum model space distance between geometric entities at asserted c
onnectivities');
#5683=UNCERTAINTY_MEASURE_WITH_UNIT(LENGTH_MEASURE(0.01),#5708,
'DISTANCE_ACCURACY_VALUE',
'Maximum model space distance between geometric entities at asserted c
onnectivities');
#5684=UNCERTAINTY_MEASURE_WITH_UNIT(LENGTH_MEASURE(0.01),#5708,
'DISTANCE_ACCURACY_VALUE',
'Maximum model space distance between geometric entities at asserted c
onnectivities');
#5685=UNCERTAINTY_MEASURE_WITH_UNIT(LENGTH_MEASURE(0.01),#5708,
'DISTANCE_ACCURACY_VALUE',
'Maximum model space distance between geometric entities at asserted c
onnectivities');
#5686=UNCERTAINTY_MEASURE_WITH_UNIT(LENGTH_MEASURE(0.01),#5708,
'DISTANCE_ACCURACY_VALUE',
'Maximum model space distance between geometric entities at asserted c
onnectivities');
#5687=UNCERTAINTY_MEASURE_WITH_UNIT(LENGTH_MEASURE(0.01),#5708,
'DISTANCE_ACCURACY_VALUE',
'Maximum model space distance between geometric entities at asserted c
onnectivities');
#5688=UNCERTAINTY_MEASURE_WITH_UNIT(LENGTH_MEASURE(0.01),#5708,
'DISTANCE_ACCURACY_VALUE',
'Maximum model space distance between geometric entities at asserted c
onnectivities');
#5689=UNCERTAINTY_MEASURE_WITH_UNIT(LENGTH_MEASURE(0.01),#5708,
'DISTANCE_ACCURACY_VALUE',
'Maximum model space distance between geometric entities at asserted c
onnectivities');
#5690=UNCERTAINTY_MEASURE_WITH_UNIT(LENGTH_MEASURE(0.01),#5708,
'DISTANCE_ACCURACY_VALUE',
'Maximum model space distance between geometric entities at asserted c
onnectivities');
#5691=UNCERTAINTY_MEASURE_WITH_UNIT(LENGTH_MEASURE(0.01),#5708,
'DISTANCE_ACCURACY_VALUE',
'Maximum model space distance between geometric entities at asserted c
onnectivities');
#5692=(
GEOMETRIC_REPRESENTATION_CONTEXT(3)
GLOBAL_UNCERTAINTY_ASSIGNED_CONTEXT((#5676))
GLOBAL_UNIT_ASSIGNED_CONTEXT((#5708,#5710,#5711))
REPRESENTATION_CONTEXT('','3D')
);
#5693=(
GEOMETRIC_REPRESENTATION_CONTEXT(3)
GLOBAL_UNCERTAINTY_ASSIGNED_CONTEXT((#5677))
GLOBAL_UNIT_ASSIGNED_CONTEXT((#5708,#5710,#5711))
REPRESENTATION_CONTEXT('','3D')
);
#5694=(
GEOMETRIC_REPRESENTATION_CONTEXT(3)
GLOBAL_UNCERTAINTY_ASSIGNED_CONTEXT((#5678))
GLOBAL_UNIT_ASSIGNED_CONTEXT((#5708,#5710,#5711))
REPRESENTATION_CONTEXT('','3D')
);
#5695=(
GEOMETRIC_REPRESENTATION_CONTEXT(3)
GLOBAL_UNCERTAINTY_ASSIGNED_CONTEXT((#5679))
GLOBAL_UNIT_ASSIGNED_CONTEXT((#5708,#5710,#5711))
REPRESENTATION_CONTEXT('','3D')
);
#5696=(
GEOMETRIC_REPRESENTATION_CONTEXT(3)
GLOBAL_UNCERTAINTY_ASSIGNED_CONTEXT((#5680))
GLOBAL_UNIT_ASSIGNED_CONTEXT((#5708,#5710,#5711))
REPRESENTATION_CONTEXT('','3D')
);
#5697=(
GEOMETRIC_REPRESENTATION_CONTEXT(3)
GLOBAL_UNCERTAINTY_ASSIGNED_CONTEXT((#5681))
GLOBAL_UNIT_ASSIGNED_CONTEXT((#5708,#5710,#5711))
REPRESENTATION_CONTEXT('','3D')
);
#5698=(
GEOMETRIC_REPRESENTATION_CONTEXT(3)
GLOBAL_UNCERTAINTY_ASSIGNED_CONTEXT((#5682))
GLOBAL_UNIT_ASSIGNED_CONTEXT((#5708,#5710,#5711))
REPRESENTATION_CONTEXT('','3D')
);
#5699=(
GEOMETRIC_REPRESENTATION_CONTEXT(3)
GLOBAL_UNCERTAINTY_ASSIGNED_CONTEXT((#5683))
GLOBAL_UNIT_ASSIGNED_CONTEXT((#5708,#5710,#5711))
REPRESENTATION_CONTEXT('','3D')
);
#5700=(
GEOMETRIC_REPRESENTATION_CONTEXT(3)
GLOBAL_UNCERTAINTY_ASSIGNED_CONTEXT((#5684))
GLOBAL_UNIT_ASSIGNED_CONTEXT((#5708,#5710,#5711))
REPRESENTATION_CONTEXT('','3D')
);
#5701=(
GEOMETRIC_REPRESENTATION_CONTEXT(3)
GLOBAL_UNCERTAINTY_ASSIGNED_CONTEXT((#5685))
GLOBAL_UNIT_ASSIGNED_CONTEXT((#5708,#5710,#5711))
REPRESENTATION_CONTEXT('','3D')
);
#5702=(
GEOMETRIC_REPRESENTATION_CONTEXT(3)
GLOBAL_UNCERTAINTY_ASSIGNED_CONTEXT((#5686))
GLOBAL_UNIT_ASSIGNED_CONTEXT((#5708,#5710,#5711))
REPRESENTATION_CONTEXT('','3D')
);
#5703=(
GEOMETRIC_REPRESENTATION_CONTEXT(3)
GLOBAL_UNCERTAINTY_ASSIGNED_CONTEXT((#5687))
GLOBAL_UNIT_ASSIGNED_CONTEXT((#5708,#5710,#5711))
REPRESENTATION_CONTEXT('','3D')
);
#5704=(
GEOMETRIC_REPRESENTATION_CONTEXT(3)
GLOBAL_UNCERTAINTY_ASSIGNED_CONTEXT((#5688))
GLOBAL_UNIT_ASSIGNED_CONTEXT((#5708,#5710,#5711))
REPRESENTATION_CONTEXT('','3D')
);
#5705=(
GEOMETRIC_REPRESENTATION_CONTEXT(3)
GLOBAL_UNCERTAINTY_ASSIGNED_CONTEXT((#5689))
GLOBAL_UNIT_ASSIGNED_CONTEXT((#5708,#5710,#5711))
REPRESENTATION_CONTEXT('','3D')
);
#5706=(
GEOMETRIC_REPRESENTATION_CONTEXT(3)
GLOBAL_UNCERTAINTY_ASSIGNED_CONTEXT((#5690))
GLOBAL_UNIT_ASSIGNED_CONTEXT((#5708,#5710,#5711))
REPRESENTATION_CONTEXT('','3D')
);
#5707=(
GEOMETRIC_REPRESENTATION_CONTEXT(3)
GLOBAL_UNCERTAINTY_ASSIGNED_CONTEXT((#5691))
GLOBAL_UNIT_ASSIGNED_CONTEXT((#5708,#5710,#5711))
REPRESENTATION_CONTEXT('','3D')
);
#5708=(
LENGTH_UNIT()
NAMED_UNIT(*)
SI_UNIT(.MILLI.,.METRE.)
);
#5709=(
LENGTH_UNIT()
NAMED_UNIT(*)
SI_UNIT($,.METRE.)
);
#5710=(
NAMED_UNIT(*)
PLANE_ANGLE_UNIT()
SI_UNIT($,.RADIAN.)
);
#5711=(
NAMED_UNIT(*)
SI_UNIT($,.STERADIAN.)
SOLID_ANGLE_UNIT()
);
#5712=SHAPE_DEFINITION_REPRESENTATION(#5727,#5756);
#5713=SHAPE_DEFINITION_REPRESENTATION(#5728,#5757);
#5714=SHAPE_DEFINITION_REPRESENTATION(#5729,#5758);
#5715=SHAPE_DEFINITION_REPRESENTATION(#5730,#5759);
#5716=SHAPE_DEFINITION_REPRESENTATION(#5731,#5760);
#5717=SHAPE_DEFINITION_REPRESENTATION(#5732,#5761);
#5718=SHAPE_DEFINITION_REPRESENTATION(#5733,#5762);
#5719=SHAPE_DEFINITION_REPRESENTATION(#5734,#5763);
#5720=SHAPE_DEFINITION_REPRESENTATION(#5740,#5764);
#5721=SHAPE_DEFINITION_REPRESENTATION(#5741,#5765);
#5722=SHAPE_DEFINITION_REPRESENTATION(#5742,#5766);
#5723=SHAPE_DEFINITION_REPRESENTATION(#5743,#5767);
#5724=SHAPE_DEFINITION_REPRESENTATION(#5744,#5768);
#5725=SHAPE_DEFINITION_REPRESENTATION(#5745,#5769);
#5726=SHAPE_DEFINITION_REPRESENTATION(#5746,#5770);
#5727=PRODUCT_DEFINITION_SHAPE('',$,#5772);
#5728=PRODUCT_DEFINITION_SHAPE('',$,#5773);
#5729=PRODUCT_DEFINITION_SHAPE('',$,#5774);
#5730=PRODUCT_DEFINITION_SHAPE('',$,#5775);
#5731=PRODUCT_DEFINITION_SHAPE('',$,#5776);
#5732=PRODUCT_DEFINITION_SHAPE('',$,#5777);
#5733=PRODUCT_DEFINITION_SHAPE('',$,#5778);
#5734=PRODUCT_DEFINITION_SHAPE('',$,#5779);
#5735=PRODUCT_DEFINITION_SHAPE($,$,#66);
#5736=PRODUCT_DEFINITION_SHAPE($,$,#67);
#5737=PRODUCT_DEFINITION_SHAPE($,$,#68);
#5738=PRODUCT_DEFINITION_SHAPE($,$,#69);
#5739=PRODUCT_DEFINITION_SHAPE($,$,#70);
#5740=PRODUCT_DEFINITION_SHAPE('',$,#5780);
#5741=PRODUCT_DEFINITION_SHAPE('',$,#5781);
#5742=PRODUCT_DEFINITION_SHAPE('',$,#5782);
#5743=PRODUCT_DEFINITION_SHAPE('',$,#5783);
#5744=PRODUCT_DEFINITION_SHAPE('',$,#5784);
#5745=PRODUCT_DEFINITION_SHAPE('',$,#5785);
#5746=PRODUCT_DEFINITION_SHAPE('',$,#5786);
#5747=PRODUCT_DEFINITION_SHAPE($,$,#71);
#5748=PRODUCT_DEFINITION_SHAPE($,$,#72);
#5749=PRODUCT_DEFINITION_SHAPE($,$,#73);
#5750=PRODUCT_DEFINITION_SHAPE($,$,#74);
#5751=PRODUCT_DEFINITION_SHAPE($,$,#75);
#5752=PRODUCT_DEFINITION_SHAPE($,$,#76);
#5753=PRODUCT_DEFINITION_SHAPE($,$,#77);
#5754=PRODUCT_DEFINITION_SHAPE($,$,#78);
#5755=PRODUCT_DEFINITION_SHAPE($,$,#79);
#5756=SHAPE_REPRESENTATION('',(#3497,#3754),#5692);
#5757=SHAPE_REPRESENTATION('',(#3498,#3672,#3673),#5693);
#5758=SHAPE_REPRESENTATION('',(#3499,#3548,#3549,#3550,#3551,#3552),#5694);
#5759=SHAPE_REPRESENTATION('',(#3500),#5695);
#5760=SHAPE_REPRESENTATION('',(#3501),#5696);
#5761=SHAPE_REPRESENTATION('',(#3510),#5697);
#5762=SHAPE_REPRESENTATION('',(#3521),#5698);
#5763=SHAPE_REPRESENTATION('',(#3528),#5699);
#5764=SHAPE_REPRESENTATION('',(#3553,#3613,#3614,#3615,#3616,#3617,#3618),
#5700);
#5765=SHAPE_REPRESENTATION('',(#3554),#5701);
#5766=SHAPE_REPRESENTATION('',(#3555),#5702);
#5767=SHAPE_REPRESENTATION('',(#3564),#5703);
#5768=SHAPE_REPRESENTATION('',(#3571),#5704);
#5769=SHAPE_REPRESENTATION('',(#3577),#5705);
#5770=SHAPE_REPRESENTATION('',(#3592),#5706);
#5771=PRODUCT_DEFINITION_CONTEXT('part definition',#5818,'design');
#5772=PRODUCT_DEFINITION('body','body v5',#5787,#5771);
#5773=PRODUCT_DEFINITION('holder','holder v15',#5788,#5771);
#5774=PRODUCT_DEFINITION('hot probe','hot probe v9',#5789,#5771);
#5775=PRODUCT_DEFINITION('Component1','Component1',#5790,#5771);
#5776=PRODUCT_DEFINITION('Component2','Component2',#5791,#5771);
#5777=PRODUCT_DEFINITION('Component4','Component4',#5792,#5771);
#5778=PRODUCT_DEFINITION('Component5','Component5',#5793,#5771);
#5779=PRODUCT_DEFINITION('Component6','Component6',#5794,#5771);
#5780=PRODUCT_DEFINITION('cold probe','cold probe v11',#5795,#5771);
#5781=PRODUCT_DEFINITION('Component1_1','Component1',#5796,#5771);
#5782=PRODUCT_DEFINITION('Component2_1','Component2',#5797,#5771);
#5783=PRODUCT_DEFINITION('Component3','Component3',#5798,#5771);
#5784=PRODUCT_DEFINITION('Component4_1','Component4',#5799,#5771);
#5785=PRODUCT_DEFINITION('Component5_1','Component5',#5800,#5771);
#5786=PRODUCT_DEFINITION('Component6_1','Component6',#5801,#5771);
#5787=PRODUCT_DEFINITION_FORMATION('',$,#5820);
#5788=PRODUCT_DEFINITION_FORMATION('',$,#5821);
#5789=PRODUCT_DEFINITION_FORMATION('',$,#5822);
#5790=PRODUCT_DEFINITION_FORMATION('',$,#5823);
#5791=PRODUCT_DEFINITION_FORMATION('',$,#5824);
#5792=PRODUCT_DEFINITION_FORMATION('',$,#5825);
#5793=PRODUCT_DEFINITION_FORMATION('',$,#5826);
#5794=PRODUCT_DEFINITION_FORMATION('',$,#5827);
#5795=PRODUCT_DEFINITION_FORMATION('',$,#5828);
#5796=PRODUCT_DEFINITION_FORMATION('',$,#5829);
#5797=PRODUCT_DEFINITION_FORMATION('',$,#5830);
#5798=PRODUCT_DEFINITION_FORMATION('',$,#5831);
#5799=PRODUCT_DEFINITION_FORMATION('',$,#5832);
#5800=PRODUCT_DEFINITION_FORMATION('',$,#5833);
#5801=PRODUCT_DEFINITION_FORMATION('',$,#5834);
#5802=PRODUCT_RELATED_PRODUCT_CATEGORY('body v5','body v5',(#5820));
#5803=PRODUCT_RELATED_PRODUCT_CATEGORY('holder v15','holder v15',(#5821));
#5804=PRODUCT_RELATED_PRODUCT_CATEGORY('hot probe v9','hot probe v9',(#5822));
#5805=PRODUCT_RELATED_PRODUCT_CATEGORY('Component1','Component1',(#5823));
#5806=PRODUCT_RELATED_PRODUCT_CATEGORY('Component2','Component2',(#5824));
#5807=PRODUCT_RELATED_PRODUCT_CATEGORY('Component4','Component4',(#5825));
#5808=PRODUCT_RELATED_PRODUCT_CATEGORY('Component5','Component5',(#5826));
#5809=PRODUCT_RELATED_PRODUCT_CATEGORY('Component6','Component6',(#5827));
#5810=PRODUCT_RELATED_PRODUCT_CATEGORY('cold probe v11',
'cold probe v11',(#5828));
#5811=PRODUCT_RELATED_PRODUCT_CATEGORY('Component1','Component1',(#5829));
#5812=PRODUCT_RELATED_PRODUCT_CATEGORY('Component2','Component2',(#5830));
#5813=PRODUCT_RELATED_PRODUCT_CATEGORY('Component3','Component3',(#5831));
#5814=PRODUCT_RELATED_PRODUCT_CATEGORY('Component4','Component4',(#5832));
#5815=PRODUCT_RELATED_PRODUCT_CATEGORY('Component5','Component5',(#5833));
#5816=PRODUCT_RELATED_PRODUCT_CATEGORY('Component6','Component6',(#5834));
#5817=APPLICATION_PROTOCOL_DEFINITION('international standard',
'automotive_design',2009,#5818);
#5818=APPLICATION_CONTEXT(
'Core Data for Automotive Mechanical Design Process');
#5819=PRODUCT_CONTEXT('part definition',#5818,'mechanical');
#5820=PRODUCT('body','body v5',$,(#5819));
#5821=PRODUCT('holder','holder v15',$,(#5819));
#5822=PRODUCT('hot probe','hot probe v9',$,(#5819));
#5823=PRODUCT('Component1','Component1',$,(#5819));
#5824=PRODUCT('Component2','Component2',$,(#5819));
#5825=PRODUCT('Component4','Component4',$,(#5819));
#5826=PRODUCT('Component5','Component5',$,(#5819));
#5827=PRODUCT('Component6','Component6',$,(#5819));
#5828=PRODUCT('cold probe','cold probe v11',$,(#5819));
#5829=PRODUCT('Component1_1','Component1',$,(#5819));
#5830=PRODUCT('Component2_1','Component2',$,(#5819));
#5831=PRODUCT('Component3','Component3',$,(#5819));
#5832=PRODUCT('Component4_1','Component4',$,(#5819));
#5833=PRODUCT('Component5_1','Component5',$,(#5819));
#5834=PRODUCT('Component6_1','Component6',$,(#5819));
#5835=PRESENTATION_STYLE_ASSIGNMENT((#5843));
#5836=PRESENTATION_STYLE_ASSIGNMENT((#5844));
#5837=PRESENTATION_STYLE_ASSIGNMENT((#5845));
#5838=PRESENTATION_STYLE_ASSIGNMENT((#5846));
#5839=PRESENTATION_STYLE_ASSIGNMENT((#5847));
#5840=PRESENTATION_STYLE_ASSIGNMENT((#5848));
#5841=PRESENTATION_STYLE_ASSIGNMENT((#5849));
#5842=PRESENTATION_STYLE_ASSIGNMENT((NULL_STYLE(.NULL.)));
#5843=SURFACE_STYLE_USAGE(.BOTH.,#5850);
#5844=SURFACE_STYLE_USAGE(.BOTH.,#5851);
#5845=SURFACE_STYLE_USAGE(.BOTH.,#5852);
#5846=SURFACE_STYLE_USAGE(.BOTH.,#5853);
#5847=SURFACE_STYLE_USAGE(.BOTH.,#5854);
#5848=SURFACE_STYLE_USAGE(.BOTH.,#5855);
#5849=SURFACE_STYLE_USAGE(.BOTH.,#5856);
#5850=SURFACE_SIDE_STYLE('',(#5857));
#5851=SURFACE_SIDE_STYLE('',(#5858));
#5852=SURFACE_SIDE_STYLE('',(#5859));
#5853=SURFACE_SIDE_STYLE('',(#5860));
#5854=SURFACE_SIDE_STYLE('',(#5861));
#5855=SURFACE_SIDE_STYLE('',(#5862));
#5856=SURFACE_SIDE_STYLE('',(#5863));
#5857=SURFACE_STYLE_FILL_AREA(#5864);
#5858=SURFACE_STYLE_FILL_AREA(#5865);
#5859=SURFACE_STYLE_FILL_AREA(#5866);
#5860=SURFACE_STYLE_FILL_AREA(#5867);
#5861=SURFACE_STYLE_FILL_AREA(#5868);
#5862=SURFACE_STYLE_FILL_AREA(#5869);
#5863=SURFACE_STYLE_FILL_AREA(#5870);
#5864=FILL_AREA_STYLE('Aluminum - Bead Blasted',(#5871));
#5865=FILL_AREA_STYLE('Copper - Polished',(#5872));
#5866=FILL_AREA_STYLE('Aluminum - Anodized Rough (Red)',(#5873));
#5867=FILL_AREA_STYLE('Glass - Window',(#5874));
#5868=FILL_AREA_STYLE('Aluminum - Anodized Rough (Grey)',(#5875));
#5869=FILL_AREA_STYLE('Aluminum - Anodized Rough (Blue)',(#5876));
#5870=FILL_AREA_STYLE('Aluminum - Anodized Glossy (Grey)',(#5877));
#5871=FILL_AREA_STYLE_COLOUR('Aluminum - Bead Blasted',#5878);
#5872=FILL_AREA_STYLE_COLOUR('Copper - Polished',#5879);
#5873=FILL_AREA_STYLE_COLOUR('Aluminum - Anodized Rough (Red)',#5880);
#5874=FILL_AREA_STYLE_COLOUR('Glass - Window',#5881);
#5875=FILL_AREA_STYLE_COLOUR('Aluminum - Anodized Rough (Grey)',#5882);
#5876=FILL_AREA_STYLE_COLOUR('Aluminum - Anodized Rough (Blue)',#5883);
#5877=FILL_AREA_STYLE_COLOUR('Aluminum - Anodized Glossy (Grey)',#5884);
#5878=COLOUR_RGB('Aluminum - Bead Blasted',0.96078431372549,0.96078431372549,
0.964705882352941);
#5879=COLOUR_RGB('Copper - Polished',0.929411764705882,0.807843137254902,
0.764705882352941);
#5880=COLOUR_RGB('Aluminum - Anodized Rough (Red)',0.854901960784314,0.349019607843137,
0.349019607843137);
#5881=COLOUR_RGB('Glass - Window',0.423529411764706,0.768627450980392,0.854901960784314);
#5882=COLOUR_RGB('Aluminum - Anodized Rough (Grey)',0.537254901960784,0.537254901960784,
0.537254901960784);
#5883=COLOUR_RGB('Aluminum - Anodized Rough (Blue)',0.349019607843137,0.584313725490196,
0.854901960784314);
#5884=COLOUR_RGB('Aluminum - Anodized Glossy (Grey)',0.537254901960784,
0.537254901960784,0.537254901960784);
ENDSEC;
END-ISO-10303-21;
